Start Time,Duration,Run ID,Name,Source Type,Source Name,User,Status,affinity,algorithm,compute_distances,compute_full_tree,connectivity,copy_x,distance_threshold,eps,init,leaf_size,linkage,max_iter,memory,metric,metric_params,min_samples,n_clusters,n_components,n_init,n_iter,n_jobs,n_oversamples,p,power_iteration_normalizer,random_state,tol,verbose,calinski_harabasz_score,davies_bouldin_score,silhouette_score,estimator_name,estimator_class,model_type,file_path
2023-06-21 18:10:48,9.6s,2063955b13e249fdb51b1a2b05abf229,"DBSCAN_{'eps': 1.0, 'min_samples': 20}_ingredients+steps+description",LOCAL,d:/BigDataBI-Workshop/src/modelling/run_modelling.py,niels,FINISHED,,auto,,,,,,1.0,,30,,,,euclidean,None,20,,,,,None,,None,,,,,59.01671329762974,2.0836789567665335,0.06880574614253705,DBSCAN,sklearn.cluster._dbscan.DBSCAN,DBSCAN,df_recipes.pkl
2023-06-21 18:10:38,10.5s,ecfd3d6784344b468b4ef4924f58423f,"DBSCAN_{'eps': 1.0, 'min_samples': 10}_ingredients+steps+description",LOCAL,d:/BigDataBI-Workshop/src/modelling/run_modelling.py,niels,FINISHED,,auto,,,,,,1.0,,30,,,,euclidean,None,10,,,,,None,,None,,,,,33.56230647727856,2.308073296356492,0.03912762412035977,DBSCAN,sklearn.cluster._dbscan.DBSCAN,DBSCAN,df_recipes.pkl
2023-06-21 18:10:23,14.7s,e37a89dbcd15403fbc40d2019662f0f4,"DBSCAN_{'eps': 1.0, 'min_samples': 5}_ingredients+steps+description",LOCAL,d:/BigDataBI-Workshop/src/modelling/run_modelling.py,niels,FINISHED,,auto,,,,,,1.0,,30,,,,euclidean,None,5,,,,,None,,None,,,,,8.365613272963673,2.3330548018042743,-0.002151950602852122,DBSCAN,sklearn.cluster._dbscan.DBSCAN,DBSCAN,df_recipes.pkl
2023-06-21 18:10:13,10.1s,da126fd4544f48be838ba9c758547118,"DBSCAN_{'eps': 0.5, 'min_samples': 20}_ingredients+steps+description",LOCAL,d:/BigDataBI-Workshop/src/modelling/run_modelling.py,niels,FINISHED,,auto,,,,,,0.5,,30,,,,euclidean,None,20,,,,,None,,None,,,,,51.44085925470195,1.4100257872329576,0.056713611175471156,DBSCAN,sklearn.cluster._dbscan.DBSCAN,DBSCAN,df_recipes.pkl
2023-06-21 18:10:03,9.8s,0083043d27314d7eb26694424814c424,"DBSCAN_{'eps': 0.5, 'min_samples': 10}_ingredients+steps+description",LOCAL,d:/BigDataBI-Workshop/src/modelling/run_modelling.py,niels,FINISHED,,auto,,,,,,0.5,,30,,,,euclidean,None,10,,,,,None,,None,,,,,32.86261976982721,1.3722267456792323,0.05686073277124052,DBSCAN,sklearn.cluster._dbscan.DBSCAN,DBSCAN,df_recipes.pkl
2023-06-21 18:09:52,10.4s,a4f8b47a3ff24ba2b563f4a3d01df7b2,"DBSCAN_{'eps': 0.5, 'min_samples': 5}_ingredients+steps+description",LOCAL,d:/BigDataBI-Workshop/src/modelling/run_modelling.py,niels,FINISHED,,auto,,,,,,0.5,,30,,,,euclidean,None,5,,,,,None,,None,,,,,32.86261976982721,1.3722267456792323,0.05686073277124052,DBSCAN,sklearn.cluster._dbscan.DBSCAN,DBSCAN,df_recipes.pkl
2023-06-21 18:09:41,11.1s,7e9c09187c2a4acb84b10864a084b4fa,Agglomerative_{'n_clusters': 5}_ingredients+steps+description,LOCAL,d:/BigDataBI-Workshop/src/modelling/run_modelling.py,niels,FINISHED,deprecated,randomized,False,auto,None,,None,,,,ward,,None,None,,,5,2,,5,,10,,auto,None,0.0,,30.172833342906983,4.2115074650866635,0.06060517947002168,TruncatedSVD,sklearn.decomposition._truncated_svd.TruncatedSVD,Agglomerative,df_recipes.pkl
2023-06-21 18:09:31,10.5s,6b228cc4d5624624bc69a52650eb61cd,Agglomerative_{'n_clusters': 4}_ingredients+steps+description,LOCAL,d:/BigDataBI-Workshop/src/modelling/run_modelling.py,niels,FINISHED,deprecated,randomized,False,auto,None,,None,,,,ward,,None,None,,,4,2,,5,,10,,auto,None,0.0,,36.66370829540577,4.0682146149744325,0.06958833964464403,TruncatedSVD,sklearn.decomposition._truncated_svd.TruncatedSVD,Agglomerative,df_recipes.pkl
2023-06-21 18:09:21,10.1s,9d4b726756724d36a5aacc3ed16bcb48,Agglomerative_{'n_clusters': 3}_ingredients+steps+description,LOCAL,d:/BigDataBI-Workshop/src/modelling/run_modelling.py,niels,FINISHED,deprecated,randomized,False,auto,None,,None,,,,ward,,None,None,,,3,2,,5,,10,,auto,None,0.0,,45.089373426496,1.6445545316567667,0.08016241633654615,TruncatedSVD,sklearn.decomposition._truncated_svd.TruncatedSVD,Agglomerative,df_recipes.pkl
2023-06-21 18:09:10,10.2s,74bb3d7b6f474cac85e36dc7bffcdba4,Agglomerative_{'n_clusters': 2}_ingredients+steps+description,LOCAL,d:/BigDataBI-Workshop/src/modelling/run_modelling.py,niels,FINISHED,deprecated,randomized,False,auto,None,,None,,,,ward,,None,None,,,2,2,,5,,10,,auto,None,0.0,,68.77659950845035,1.4824194211642787,0.07600159100026543,TruncatedSVD,sklearn.decomposition._truncated_svd.TruncatedSVD,Agglomerative,df_recipes.pkl
2023-06-21 18:09:00,10.6s,c6518876944241dab47750220f8dd405,KMeans_{'n_clusters': 5}_ingredients+steps+description,LOCAL,d:/BigDataBI-Workshop/src/modelling/run_modelling.py,niels,FINISHED,,lloyd,,,,True,,,k-means++,,,300,,,,,5,,10,,,,,,42,0.0001,0,31.3357584993242,4.922062760871166,0.06590251786069636,KMeans,sklearn.cluster._kmeans.KMeans,KMeans,df_recipes.pkl
2023-06-21 18:08:49,10.5s,107287d3cd614f5a8a8b0c3cf850e2b5,KMeans_{'n_clusters': 4}_ingredients+steps+description,LOCAL,d:/BigDataBI-Workshop/src/modelling/run_modelling.py,niels,FINISHED,,lloyd,,,,True,,,k-means++,,,300,,,,,4,,10,,,,,,42,0.0001,0,37.34453372922438,3.9337101449041074,0.07189323265018481,KMeans,sklearn.cluster._kmeans.KMeans,KMeans,df_recipes.pkl
2023-06-21 18:08:40,9.4s,4f7e32800970417f8570558ecb8390c8,KMeans_{'n_clusters': 3}_ingredients+steps+description,LOCAL,d:/BigDataBI-Workshop/src/modelling/run_modelling.py,niels,FINISHED,,lloyd,,,,True,,,k-means++,,,300,,,,,3,,10,,,,,,42,0.0001,0,45.43803890320121,4.724058077771271,0.06417061609260122,KMeans,sklearn.cluster._kmeans.KMeans,KMeans,df_recipes.pkl
2023-06-21 18:08:31,9.3s,a0526e989cf74543a11f6425b5b314fe,KMeans_{'n_clusters': 2}_ingredients+steps+description,LOCAL,d:/BigDataBI-Workshop/src/modelling/run_modelling.py,niels,FINISHED,,lloyd,,,,True,,,k-means++,,,300,,,,,2,,10,,,,,,42,0.0001,0,69.16247919545877,1.4939790398731694,0.07630805168851669,KMeans,sklearn.cluster._kmeans.KMeans,KMeans,df_recipes.pkl
2023-06-21 18:08:20,10.0s,380fa4295dd94e3a83d39d2b41c31dd6,"DBSCAN_{'eps': 1.0, 'min_samples': 20}_steps+description",LOCAL,d:/BigDataBI-Workshop/src/modelling/run_modelling.py,niels,FINISHED,,auto,,,,,,1.0,,30,,,,euclidean,None,20,,,,,None,,None,,,,,3.375475568243629,15.596211726481876,0.0032635689401594756,DBSCAN,sklearn.cluster._dbscan.DBSCAN,DBSCAN,df_recipes.pkl
2023-06-21 18:08:11,9.4s,f7f1ca5a24084c3ba8c567496f4e3e8f,"DBSCAN_{'eps': 1.0, 'min_samples': 10}_steps+description",LOCAL,d:/BigDataBI-Workshop/src/modelling/run_modelling.py,niels,FINISHED,,auto,,,,,,1.0,,30,,,,euclidean,None,10,,,,,None,,None,,,,,3.3862211013546557,15.50689353336502,0.003268913756945322,DBSCAN,sklearn.cluster._dbscan.DBSCAN,DBSCAN,df_recipes.pkl
2023-06-21 18:08:02,9.5s,725b8cfffa2445dc848ed9e0cc17b35b,"DBSCAN_{'eps': 1.0, 'min_samples': 5}_steps+description",LOCAL,d:/BigDataBI-Workshop/src/modelling/run_modelling.py,niels,FINISHED,,auto,,,,,,1.0,,30,,,,euclidean,None,5,,,,,None,,None,,,,,3.1903050089890788,15.264227218368816,0.002852214427799694,DBSCAN,sklearn.cluster._dbscan.DBSCAN,DBSCAN,df_recipes.pkl
2023-06-21 18:07:52,9.8s,18cfa0ecce4a4e1ab93060c3885a5863,"DBSCAN_{'eps': 0.5, 'min_samples': 20}_steps+description",LOCAL,d:/BigDataBI-Workshop/src/modelling/run_modelling.py,niels,FINISHED,,auto,,,,,,0.5,,30,,,,euclidean,None,20,,,,,None,,None,,,,,61.05674692354516,1.4019431735988066,0.0641629833013415,DBSCAN,sklearn.cluster._dbscan.DBSCAN,DBSCAN,df_recipes.pkl
2023-06-21 18:07:42,9.6s,075aedb85f294869a43defa4cfbf7bf9,"DBSCAN_{'eps': 0.5, 'min_samples': 10}_steps+description",LOCAL,d:/BigDataBI-Workshop/src/modelling/run_modelling.py,niels,FINISHED,,auto,,,,,,0.5,,30,,,,euclidean,None,10,,,,,None,,None,,,,,62.02273722958466,1.4037244821096293,0.06528007377260216,DBSCAN,sklearn.cluster._dbscan.DBSCAN,DBSCAN,df_recipes.pkl
2023-06-21 18:07:32,9.6s,4ba8eb5f37074aa885c296d6c6fdf940,"DBSCAN_{'eps': 0.5, 'min_samples': 5}_steps+description",LOCAL,d:/BigDataBI-Workshop/src/modelling/run_modelling.py,niels,FINISHED,,auto,,,,,,0.5,,30,,,,euclidean,None,5,,,,,None,,None,,,,,62.94458256842129,1.4064613725706911,0.06633360575832792,DBSCAN,sklearn.cluster._dbscan.DBSCAN,DBSCAN,df_recipes.pkl
2023-06-21 18:07:21,11.4s,478e9d91d26e4978b4237b0e7324d2c4,Agglomerative_{'n_clusters': 5}_steps+description,LOCAL,d:/BigDataBI-Workshop/src/modelling/run_modelling.py,niels,FINISHED,deprecated,randomized,False,auto,None,,None,,,,ward,,None,None,,,5,2,,5,,10,,auto,None,0.0,,26.634745718940504,6.13050943190963,0.04979861720261845,TruncatedSVD,sklearn.decomposition._truncated_svd.TruncatedSVD,Agglomerative,df_recipes.pkl
2023-06-21 18:07:10,10.7s,afe066c6327f4a3d925a3af83f29494b,Agglomerative_{'n_clusters': 4}_steps+description,LOCAL,d:/BigDataBI-Workshop/src/modelling/run_modelling.py,niels,FINISHED,deprecated,randomized,False,auto,None,,None,,,,ward,,None,None,,,4,2,,5,,10,,auto,None,0.0,,32.316811498261714,4.674388903187919,0.04804697584712258,TruncatedSVD,sklearn.decomposition._truncated_svd.TruncatedSVD,Agglomerative,df_recipes.pkl
2023-06-21 18:07:00,9.8s,65dde930f12f450fb99449dbbbdca5c6,Agglomerative_{'n_clusters': 3}_steps+description,LOCAL,d:/BigDataBI-Workshop/src/modelling/run_modelling.py,niels,FINISHED,deprecated,randomized,False,auto,None,,None,,,,ward,,None,None,,,3,2,,5,,10,,auto,None,0.0,,42.12649164921776,3.3144591470838862,0.04499677314206518,TruncatedSVD,sklearn.decomposition._truncated_svd.TruncatedSVD,Agglomerative,df_recipes.pkl
2023-06-21 18:06:51,9.3s,d992843594bd42968501b9390aee3e8a,Agglomerative_{'n_clusters': 2}_steps+description,LOCAL,d:/BigDataBI-Workshop/src/modelling/run_modelling.py,niels,FINISHED,deprecated,randomized,False,auto,None,,None,,,,ward,,None,None,,,2,2,,5,,10,,auto,None,0.0,,70.4544385141031,1.4444621947964138,0.07462128698679979,TruncatedSVD,sklearn.decomposition._truncated_svd.TruncatedSVD,Agglomerative,df_recipes.pkl
2023-06-21 18:06:41,10.2s,ae11fa93ee904595b99bcc83135e6c0f,KMeans_{'n_clusters': 5}_steps+description,LOCAL,d:/BigDataBI-Workshop/src/modelling/run_modelling.py,niels,FINISHED,,lloyd,,,,True,,,k-means++,,,300,,,,,5,,10,,,,,,42,0.0001,0,29.52785241477467,5.046734276355563,0.061586679204679355,KMeans,sklearn.cluster._kmeans.KMeans,KMeans,df_recipes.pkl
2023-06-21 18:06:31,9.5s,a5abfffb52d9458aa6cf630008e328c2,KMeans_{'n_clusters': 4}_steps+description,LOCAL,d:/BigDataBI-Workshop/src/modelling/run_modelling.py,niels,FINISHED,,lloyd,,,,True,,,k-means++,,,300,,,,,4,,10,,,,,,42,0.0001,0,35.23620291446913,5.3402375058698635,0.05798238392067314,KMeans,sklearn.cluster._kmeans.KMeans,KMeans,df_recipes.pkl
2023-06-21 18:06:22,9.2s,ec5b16a3b781412cbc671231307743f8,KMeans_{'n_clusters': 3}_steps+description,LOCAL,d:/BigDataBI-Workshop/src/modelling/run_modelling.py,niels,FINISHED,,lloyd,,,,True,,,k-means++,,,300,,,,,3,,10,,,,,,42,0.0001,0,45.27593771230652,3.3982099709558953,0.05264066290736145,KMeans,sklearn.cluster._kmeans.KMeans,KMeans,df_recipes.pkl
2023-06-21 18:06:13,8.6s,f533bb08d0b146f18e50323d3a74061d,KMeans_{'n_clusters': 2}_steps+description,LOCAL,d:/BigDataBI-Workshop/src/modelling/run_modelling.py,niels,FINISHED,,lloyd,,,,True,,,k-means++,,,300,,,,,2,,10,,,,,,42,0.0001,0,70.75103467917594,1.4575695449447323,0.0749591344652419,KMeans,sklearn.cluster._kmeans.KMeans,KMeans,df_recipes.pkl
2023-06-21 18:06:05,8.8s,98f3bf050faa41b1ae9b094c387ae654,"DBSCAN_{'eps': 1.0, 'min_samples': 20}_ingredients+description",LOCAL,d:/BigDataBI-Workshop/src/modelling/run_modelling.py,niels,FINISHED,,auto,,,,,,1.0,,30,,,,euclidean,None,20,,,,,None,,None,,,,,26.399172460978185,2.1518365887051942,0.04949799493767108,DBSCAN,sklearn.cluster._dbscan.DBSCAN,DBSCAN,df_recipes.pkl
2023-06-21 18:05:56,9.0s,c1f4c316cbc54bf39d977cb84ab8322e,"DBSCAN_{'eps': 1.0, 'min_samples': 10}_ingredients+description",LOCAL,d:/BigDataBI-Workshop/src/modelling/run_modelling.py,niels,FINISHED,,auto,,,,,,1.0,,30,,,,euclidean,None,10,,,,,None,,None,,,,,19.824417562957265,2.3264588302697486,0.011752439939351333,DBSCAN,sklearn.cluster._dbscan.DBSCAN,DBSCAN,df_recipes.pkl
2023-06-21 18:05:46,9.8s,3b8d9f2ec2344d2b9b8d20042b7d3d40,"DBSCAN_{'eps': 1.0, 'min_samples': 5}_ingredients+description",LOCAL,d:/BigDataBI-Workshop/src/modelling/run_modelling.py,niels,FINISHED,,auto,,,,,,1.0,,30,,,,euclidean,None,5,,,,,None,,None,,,,,13.469055989527128,2.4068485557214276,0.01321300371400119,DBSCAN,sklearn.cluster._dbscan.DBSCAN,DBSCAN,df_recipes.pkl
2023-06-21 18:05:37,8.4s,27079211e04447bd86039ab6501a2b2a,"DBSCAN_{'eps': 0.5, 'min_samples': 20}_ingredients+description",LOCAL,d:/BigDataBI-Workshop/src/modelling/run_modelling.py,niels,FINISHED,,auto,,,,,,0.5,,30,,,,euclidean,None,20,,,,,None,,None,,,,,21.283214071537504,1.1311775200699232,0.04089419344926865,DBSCAN,sklearn.cluster._dbscan.DBSCAN,DBSCAN,df_recipes.pkl
2023-06-21 18:05:29,8.4s,6d30ca579ccc4f788fdf0971b12d1352,"DBSCAN_{'eps': 0.5, 'min_samples': 10}_ingredients+description",LOCAL,d:/BigDataBI-Workshop/src/modelling/run_modelling.py,niels,FINISHED,,auto,,,,,,0.5,,30,,,,euclidean,None,10,,,,,None,,None,,,,,21.283214071537504,1.1311775200699232,0.04089419344926865,DBSCAN,sklearn.cluster._dbscan.DBSCAN,DBSCAN,df_recipes.pkl
2023-06-21 18:05:21,8.3s,5e16e244320e44f6baf5cf7881c05895,"DBSCAN_{'eps': 0.5, 'min_samples': 5}_ingredients+description",LOCAL,d:/BigDataBI-Workshop/src/modelling/run_modelling.py,niels,FINISHED,,auto,,,,,,0.5,,30,,,,euclidean,None,5,,,,,None,,None,,,,,21.283214071537504,1.1311775200699232,0.04089419344926865,DBSCAN,sklearn.cluster._dbscan.DBSCAN,DBSCAN,df_recipes.pkl
2023-06-21 18:05:11,9.9s,ec737a43a0514222a3dddbd955af33ab,Agglomerative_{'n_clusters': 5}_ingredients+description,LOCAL,d:/BigDataBI-Workshop/src/modelling/run_modelling.py,niels,FINISHED,deprecated,randomized,False,auto,None,,None,,,,ward,,None,None,,,5,2,,5,,10,,auto,None,0.0,,19.42257541911526,5.331259866100131,0.03277592895574089,TruncatedSVD,sklearn.decomposition._truncated_svd.TruncatedSVD,Agglomerative,df_recipes.pkl
2023-06-21 18:05:01,9.5s,fac00781074d47918f59376dc98436da,Agglomerative_{'n_clusters': 4}_ingredients+description,LOCAL,d:/BigDataBI-Workshop/src/modelling/run_modelling.py,niels,FINISHED,deprecated,randomized,False,auto,None,,None,,,,ward,,None,None,,,4,2,,5,,10,,auto,None,0.0,,23.132753364272087,4.434359564629887,0.04204063267486658,TruncatedSVD,sklearn.decomposition._truncated_svd.TruncatedSVD,Agglomerative,df_recipes.pkl
2023-06-21 18:04:52,9.1s,8169b5861aa446feacdcbb25f3cf934f,Agglomerative_{'n_clusters': 3}_ingredients+description,LOCAL,d:/BigDataBI-Workshop/src/modelling/run_modelling.py,niels,FINISHED,deprecated,randomized,False,auto,None,,None,,,,ward,,None,None,,,3,2,,5,,10,,auto,None,0.0,,27.04984099669951,2.2035021172111198,0.05100705418114748,TruncatedSVD,sklearn.decomposition._truncated_svd.TruncatedSVD,Agglomerative,df_recipes.pkl
2023-06-21 18:04:43,8.6s,fe5d2db4b3cd4544a0d70f627ead3c03,Agglomerative_{'n_clusters': 2}_ingredients+description,LOCAL,d:/BigDataBI-Workshop/src/modelling/run_modelling.py,niels,FINISHED,deprecated,randomized,False,auto,None,,None,,,,ward,,None,None,,,2,2,,5,,10,,auto,None,0.0,,29.370908462250995,2.698504495436657,0.03801127924095222,TruncatedSVD,sklearn.decomposition._truncated_svd.TruncatedSVD,Agglomerative,df_recipes.pkl
2023-06-21 18:04:34,9.6s,508b554a05cd460c99de4e5d8ee6bcd1,KMeans_{'n_clusters': 5}_ingredients+description,LOCAL,d:/BigDataBI-Workshop/src/modelling/run_modelling.py,niels,FINISHED,,lloyd,,,,True,,,k-means++,,,300,,,,,5,,10,,,,,,42,0.0001,0,21.16383154993711,5.122701201433299,0.039172555558410975,KMeans,sklearn.cluster._kmeans.KMeans,KMeans,df_recipes.pkl
2023-06-21 18:04:25,9.2s,70ee55828a0140edad9b0176d0ba5592,KMeans_{'n_clusters': 4}_ingredients+description,LOCAL,d:/BigDataBI-Workshop/src/modelling/run_modelling.py,niels,FINISHED,,lloyd,,,,True,,,k-means++,,,300,,,,,4,,10,,,,,,42,0.0001,0,24.279957905156216,4.131980350274031,0.04543155134466104,KMeans,sklearn.cluster._kmeans.KMeans,KMeans,df_recipes.pkl
2023-06-21 18:04:16,8.7s,170f2d06d64f47e9aa3794e45c3a16ec,KMeans_{'n_clusters': 3}_ingredients+description,LOCAL,d:/BigDataBI-Workshop/src/modelling/run_modelling.py,niels,FINISHED,,lloyd,,,,True,,,k-means++,,,300,,,,,3,,10,,,,,,42,0.0001,0,24.287122495124265,5.115184058564242,0.0341078810731026,KMeans,sklearn.cluster._kmeans.KMeans,KMeans,df_recipes.pkl
2023-06-21 18:04:08,8.2s,51f384cbfc6649ebac32dc1a4580e87d,KMeans_{'n_clusters': 2}_ingredients+description,LOCAL,d:/BigDataBI-Workshop/src/modelling/run_modelling.py,niels,FINISHED,,lloyd,,,,True,,,k-means++,,,300,,,,,2,,10,,,,,,42,0.0001,0,29.750236877032123,2.7690149806848305,0.03837710096686222,KMeans,sklearn.cluster._kmeans.KMeans,KMeans,df_recipes.pkl
2023-06-21 18:03:58,9.6s,7dc67168ab3047d182920c2b00ee0b9e,"DBSCAN_{'eps': 1.0, 'min_samples': 20}_ingredients+steps",LOCAL,d:/BigDataBI-Workshop/src/modelling/run_modelling.py,niels,FINISHED,,auto,,,,,,1.0,,30,,,,euclidean,None,20,,,,,None,,None,,,,,48.16387884726517,1.4638330867752305,0.090099530214327,DBSCAN,sklearn.cluster._dbscan.DBSCAN,DBSCAN,df_recipes.pkl
2023-06-21 18:03:48,10.0s,a7dc3c8f43ac45ecb7f363a77494f054,"DBSCAN_{'eps': 1.0, 'min_samples': 10}_ingredients+steps",LOCAL,d:/BigDataBI-Workshop/src/modelling/run_modelling.py,niels,FINISHED,,auto,,,,,,1.0,,30,,,,euclidean,None,10,,,,,None,,None,,,,,34.92127536901796,1.9580584714881228,0.05870957196431665,DBSCAN,sklearn.cluster._dbscan.DBSCAN,DBSCAN,df_recipes.pkl
2023-06-21 18:03:32,16.0s,bc26d848bbd34307ac1cc83f7f841b2a,"DBSCAN_{'eps': 1.0, 'min_samples': 5}_ingredients+steps",LOCAL,d:/BigDataBI-Workshop/src/modelling/run_modelling.py,niels,FINISHED,,auto,,,,,,1.0,,30,,,,euclidean,None,5,,,,,None,,None,,,,,9.605653935638827,2.3655061064598946,0.01754486385515624,DBSCAN,sklearn.cluster._dbscan.DBSCAN,DBSCAN,df_recipes.pkl
2023-06-21 18:03:23,9.1s,6fef47df1f7145fa98c304580e76d4ee,"DBSCAN_{'eps': 0.5, 'min_samples': 20}_ingredients+steps",LOCAL,d:/BigDataBI-Workshop/src/modelling/run_modelling.py,niels,FINISHED,,auto,,,,,,0.5,,30,,,,euclidean,None,20,,,,,None,,None,,,,,57.45945440456187,1.3997216860302113,0.06633983921764926,DBSCAN,sklearn.cluster._dbscan.DBSCAN,DBSCAN,df_recipes.pkl
2023-06-21 18:03:13,9.4s,cc0b69e32e814b9fa733c33e4b1fbda4,"DBSCAN_{'eps': 0.5, 'min_samples': 10}_ingredients+steps",LOCAL,d:/BigDataBI-Workshop/src/modelling/run_modelling.py,niels,FINISHED,,auto,,,,,,0.5,,30,,,,euclidean,None,10,,,,,None,,None,,,,,36.95140390446799,1.3397108899865156,0.06879160425496451,DBSCAN,sklearn.cluster._dbscan.DBSCAN,DBSCAN,df_recipes.pkl
2023-06-21 18:03:04,9.5s,8bb74807ef6747eebf40ebf6e978d81e,"DBSCAN_{'eps': 0.5, 'min_samples': 5}_ingredients+steps",LOCAL,d:/BigDataBI-Workshop/src/modelling/run_modelling.py,niels,FINISHED,,auto,,,,,,0.5,,30,,,,euclidean,None,5,,,,,None,,None,,,,,37.95436833042408,1.3423009720222387,0.07095551686519394,DBSCAN,sklearn.cluster._dbscan.DBSCAN,DBSCAN,df_recipes.pkl
2023-06-21 18:02:53,10.5s,d2df3b6b153f48b9bf989f05a9af3606,Agglomerative_{'n_clusters': 5}_ingredients+steps,LOCAL,d:/BigDataBI-Workshop/src/modelling/run_modelling.py,niels,FINISHED,deprecated,randomized,False,auto,None,,None,,,,ward,,None,None,,,5,2,,5,,10,,auto,None,0.0,,31.37187475363801,5.400503645059312,0.06584427310748014,TruncatedSVD,sklearn.decomposition._truncated_svd.TruncatedSVD,Agglomerative,df_recipes.pkl
2023-06-21 18:02:43,10.0s,7f8c166bcf5c41f396c1690a1acf5760,Agglomerative_{'n_clusters': 4}_ingredients+steps,LOCAL,d:/BigDataBI-Workshop/src/modelling/run_modelling.py,niels,FINISHED,deprecated,randomized,False,auto,None,,None,,,,ward,,None,None,,,4,2,,5,,10,,auto,None,0.0,,38.484844057537565,3.7716181148288657,0.07246956567804068,TruncatedSVD,sklearn.decomposition._truncated_svd.TruncatedSVD,Agglomerative,df_recipes.pkl
2023-06-21 18:02:34,9.5s,0bf0afcf7bd549edb03da68b0e63a128,Agglomerative_{'n_clusters': 3}_ingredients+steps,LOCAL,d:/BigDataBI-Workshop/src/modelling/run_modelling.py,niels,FINISHED,deprecated,randomized,False,auto,None,,None,,,,ward,,None,None,,,3,2,,5,,10,,auto,None,0.0,,48.16387884726517,1.4638330867752305,0.090099530214327,TruncatedSVD,sklearn.decomposition._truncated_svd.TruncatedSVD,Agglomerative,df_recipes.pkl
2023-06-21 18:02:25,9.0s,16befab9c0dd465a9ce317a68f94c3f5,Agglomerative_{'n_clusters': 2}_ingredients+steps,LOCAL,d:/BigDataBI-Workshop/src/modelling/run_modelling.py,niels,FINISHED,deprecated,randomized,False,auto,None,,None,,,,ward,,None,None,,,2,2,,5,,10,,auto,None,0.0,,70.7865466391027,1.452996797235513,0.08084435917076055,TruncatedSVD,sklearn.decomposition._truncated_svd.TruncatedSVD,Agglomerative,df_recipes.pkl
2023-06-21 18:02:14,10.1s,24c8251170bd4356a25ef542e303109f,KMeans_{'n_clusters': 5}_ingredients+steps,LOCAL,d:/BigDataBI-Workshop/src/modelling/run_modelling.py,niels,FINISHED,,lloyd,,,,True,,,k-means++,,,300,,,,,5,,10,,,,,,42,0.0001,0,34.07979689666292,4.035185609353038,0.06941346520654304,KMeans,sklearn.cluster._kmeans.KMeans,KMeans,df_recipes.pkl
2023-06-21 18:02:05,9.6s,a0e1b3cc3c1342eda64be1ef24e5edd8,KMeans_{'n_clusters': 4}_ingredients+steps,LOCAL,d:/BigDataBI-Workshop/src/modelling/run_modelling.py,niels,FINISHED,,lloyd,,,,True,,,k-means++,,,300,,,,,4,,10,,,,,,42,0.0001,0,39.6372271145635,4.016578413859985,0.07620262650596431,KMeans,sklearn.cluster._kmeans.KMeans,KMeans,df_recipes.pkl
2023-06-21 18:01:56,9.1s,4820524cf4ca4af0ac6c926090af558c,KMeans_{'n_clusters': 3}_ingredients+steps,LOCAL,d:/BigDataBI-Workshop/src/modelling/run_modelling.py,niels,FINISHED,,lloyd,,,,True,,,k-means++,,,300,,,,,3,,10,,,,,,42,0.0001,0,46.83343309913182,4.765947329365868,0.06536414161066341,KMeans,sklearn.cluster._kmeans.KMeans,KMeans,df_recipes.pkl
2023-06-21 18:01:47,8.5s,3f554cfc908c45c1b24a585d9faf64ff,KMeans_{'n_clusters': 2}_ingredients+steps,LOCAL,d:/BigDataBI-Workshop/src/modelling/run_modelling.py,niels,FINISHED,,lloyd,,,,True,,,k-means++,,,300,,,,,2,,10,,,,,,42,0.0001,0,70.97019944496607,1.4679845096454462,0.08093489018126164,KMeans,sklearn.cluster._kmeans.KMeans,KMeans,df_recipes.pkl
2023-06-21 18:01:39,8.2s,b640049c457445bb8b9823d316a94f17,"DBSCAN_{'eps': 1.0, 'min_samples': 20}_description",LOCAL,d:/BigDataBI-Workshop/src/modelling/run_modelling.py,niels,FINISHED,,auto,,,,,,1.0,,30,,,,euclidean,None,20,,,,,None,,None,,,,,1.7493532881943472,20.230159799966096,0.002823484194434042,DBSCAN,sklearn.cluster._dbscan.DBSCAN,DBSCAN,df_recipes.pkl
2023-06-21 18:01:31,8.3s,786f5dde0fb84b8492899e336001ce47,"DBSCAN_{'eps': 1.0, 'min_samples': 10}_description",LOCAL,d:/BigDataBI-Workshop/src/modelling/run_modelling.py,niels,FINISHED,,auto,,,,,,1.0,,30,,,,euclidean,None,10,,,,,None,,None,,,,,1.779221967662338,19.20344148232907,0.0031128011175807434,DBSCAN,sklearn.cluster._dbscan.DBSCAN,DBSCAN,df_recipes.pkl
2023-06-21 18:01:22,8.2s,eecfdaa7ad6f4ce6baeb5f62344dd9f2,"DBSCAN_{'eps': 1.0, 'min_samples': 5}_description",LOCAL,d:/BigDataBI-Workshop/src/modelling/run_modelling.py,niels,FINISHED,,auto,,,,,,1.0,,30,,,,euclidean,None,5,,,,,None,,None,,,,,1.779221967662338,19.20344148232907,0.0031128011175807434,DBSCAN,sklearn.cluster._dbscan.DBSCAN,DBSCAN,df_recipes.pkl
2023-06-21 18:01:14,8.0s,30629db10160483cabb909e21bac97fc,"DBSCAN_{'eps': 0.5, 'min_samples': 20}_description",LOCAL,d:/BigDataBI-Workshop/src/modelling/run_modelling.py,niels,FINISHED,,auto,,,,,,0.5,,30,,,,euclidean,None,20,,,,,None,,None,,,,,22.189354761306873,0.9689858175876154,0.035304189175157846,DBSCAN,sklearn.cluster._dbscan.DBSCAN,DBSCAN,df_recipes.pkl
2023-06-21 18:01:06,8.0s,8f1eb46de1a64543bb7f4b83987f5c7a,"DBSCAN_{'eps': 0.5, 'min_samples': 10}_description",LOCAL,d:/BigDataBI-Workshop/src/modelling/run_modelling.py,niels,FINISHED,,auto,,,,,,0.5,,30,,,,euclidean,None,10,,,,,None,,None,,,,,22.189354761306873,0.9689858175876154,0.035304189175157846,DBSCAN,sklearn.cluster._dbscan.DBSCAN,DBSCAN,df_recipes.pkl
2023-06-21 18:00:58,8.1s,83f1e888729f42e8a903e80379fec9e8,"DBSCAN_{'eps': 0.5, 'min_samples': 5}_description",LOCAL,d:/BigDataBI-Workshop/src/modelling/run_modelling.py,niels,FINISHED,,auto,,,,,,0.5,,30,,,,euclidean,None,5,,,,,None,,None,,,,,11.189187973677289,4.510766635588836,-0.24677293298722155,DBSCAN,sklearn.cluster._dbscan.DBSCAN,DBSCAN,df_recipes.pkl
2023-06-21 18:00:49,9.6s,e4799b0fb0a44d1298a308ada3a7bd6b,Agglomerative_{'n_clusters': 5}_description,LOCAL,d:/BigDataBI-Workshop/src/modelling/run_modelling.py,niels,FINISHED,deprecated,randomized,False,auto,None,,None,,,,ward,,None,None,,,5,2,,5,,10,,auto,None,0.0,,16.581932675251707,5.3179630750755695,0.04121276629828949,TruncatedSVD,sklearn.decomposition._truncated_svd.TruncatedSVD,Agglomerative,df_recipes.pkl
2023-06-21 18:00:39,9.2s,9959a15fab9f492da07e8e479429ba9f,Agglomerative_{'n_clusters': 4}_description,LOCAL,d:/BigDataBI-Workshop/src/modelling/run_modelling.py,niels,FINISHED,deprecated,randomized,False,auto,None,,None,,,,ward,,None,None,,,4,2,,5,,10,,auto,None,0.0,,19.61466159583184,5.420929429679267,0.040986140549586936,TruncatedSVD,sklearn.decomposition._truncated_svd.TruncatedSVD,Agglomerative,df_recipes.pkl
2023-06-21 18:00:31,8.7s,625e7c845c55419781cc507d818b4b82,Agglomerative_{'n_clusters': 3}_description,LOCAL,d:/BigDataBI-Workshop/src/modelling/run_modelling.py,niels,FINISHED,deprecated,randomized,False,auto,None,,None,,,,ward,,None,None,,,3,2,,5,,10,,auto,None,0.0,,25.022318971641532,2.2894369936273447,0.04814861193169044,TruncatedSVD,sklearn.decomposition._truncated_svd.TruncatedSVD,Agglomerative,df_recipes.pkl
2023-06-21 18:00:22,8.5s,dcf18d6fa6b34206bff6cb96195645c1,Agglomerative_{'n_clusters': 2}_description,LOCAL,d:/BigDataBI-Workshop/src/modelling/run_modelling.py,niels,FINISHED,deprecated,randomized,False,auto,None,,None,,,,ward,,None,None,,,2,2,,5,,10,,auto,None,0.0,,26.69607841600646,2.953638207744998,0.0273447995349119,TruncatedSVD,sklearn.decomposition._truncated_svd.TruncatedSVD,Agglomerative,df_recipes.pkl
2023-06-21 18:00:13,9.3s,2487fc1ea33f4c399ff821a65cf1b260,KMeans_{'n_clusters': 5}_description,LOCAL,d:/BigDataBI-Workshop/src/modelling/run_modelling.py,niels,FINISHED,,lloyd,,,,True,,,k-means++,,,300,,,,,5,,10,,,,,,42,0.0001,0,18.41518075983312,4.892615483952439,0.04507730093666005,KMeans,sklearn.cluster._kmeans.KMeans,KMeans,df_recipes.pkl
2023-06-21 18:00:04,8.8s,afb15c017ae9456f9dc9195cc97957bc,KMeans_{'n_clusters': 4}_description,LOCAL,d:/BigDataBI-Workshop/src/modelling/run_modelling.py,niels,FINISHED,,lloyd,,,,True,,,k-means++,,,300,,,,,4,,10,,,,,,42,0.0001,0,22.073021745450966,4.388400670560672,0.04619876688250466,KMeans,sklearn.cluster._kmeans.KMeans,KMeans,df_recipes.pkl
2023-06-21 17:59:55,8.6s,0a6a63932c2c42229d34bb95b47dd10a,KMeans_{'n_clusters': 3}_description,LOCAL,d:/BigDataBI-Workshop/src/modelling/run_modelling.py,niels,FINISHED,,lloyd,,,,True,,,k-means++,,,300,,,,,3,,10,,,,,,42,0.0001,0,21.21797751566847,5.617374498639581,0.025930985438012,KMeans,sklearn.cluster._kmeans.KMeans,KMeans,df_recipes.pkl
2023-06-21 17:59:47,8.1s,32593e881efa454cb1274abd72b0ab8b,KMeans_{'n_clusters': 2}_description,LOCAL,d:/BigDataBI-Workshop/src/modelling/run_modelling.py,niels,FINISHED,,lloyd,,,,True,,,k-means++,,,300,,,,,2,,10,,,,,,42,0.0001,0,27.348862585240237,2.7237374621011994,0.027413953766002537,KMeans,sklearn.cluster._kmeans.KMeans,KMeans,df_recipes.pkl
2023-06-21 17:59:38,8.9s,b16788cee4e6423a878100ecceb4c400,"DBSCAN_{'eps': 1.0, 'min_samples': 20}_steps",LOCAL,d:/BigDataBI-Workshop/src/modelling/run_modelling.py,niels,FINISHED,,auto,,,,,,1.0,,30,,,,euclidean,None,20,,,,,None,,None,,,,,3.663429571568533,15.023151527056008,0.003797873469513789,DBSCAN,sklearn.cluster._dbscan.DBSCAN,DBSCAN,df_recipes.pkl
2023-06-21 17:59:29,9.0s,4db1f61a4dd9486b9e4bca8b3d20a781,"DBSCAN_{'eps': 1.0, 'min_samples': 10}_steps",LOCAL,d:/BigDataBI-Workshop/src/modelling/run_modelling.py,niels,FINISHED,,auto,,,,,,1.0,,30,,,,euclidean,None,10,,,,,None,,None,,,,,3.608263754636637,14.71796147637438,0.0038960388238827603,DBSCAN,sklearn.cluster._dbscan.DBSCAN,DBSCAN,df_recipes.pkl
2023-06-21 17:59:20,9.0s,9c989d670c2c4142aa79e7d475463a32,"DBSCAN_{'eps': 1.0, 'min_samples': 5}_steps",LOCAL,d:/BigDataBI-Workshop/src/modelling/run_modelling.py,niels,FINISHED,,auto,,,,,,1.0,,30,,,,euclidean,None,5,,,,,None,,None,,,,,3.0176719309425617,15.08204282768903,0.003518740557231475,DBSCAN,sklearn.cluster._dbscan.DBSCAN,DBSCAN,df_recipes.pkl
2023-06-21 17:59:11,8.8s,9e443efe2625451ebd991bb24d659b22,"DBSCAN_{'eps': 0.5, 'min_samples': 20}_steps",LOCAL,d:/BigDataBI-Workshop/src/modelling/run_modelling.py,niels,FINISHED,,auto,,,,,,0.5,,30,,,,euclidean,None,20,,,,,None,,None,,,,,65.15229870835037,1.3663711012997795,0.07209937769777153,DBSCAN,sklearn.cluster._dbscan.DBSCAN,DBSCAN,df_recipes.pkl
2023-06-21 17:59:02,8.8s,89c9d5b9e8894461b36a9956fd13b7ee,"DBSCAN_{'eps': 0.5, 'min_samples': 10}_steps",LOCAL,d:/BigDataBI-Workshop/src/modelling/run_modelling.py,niels,FINISHED,,auto,,,,,,0.5,,30,,,,euclidean,None,10,,,,,None,,None,,,,,65.15229870835037,1.3663711012997795,0.07209937769777153,DBSCAN,sklearn.cluster._dbscan.DBSCAN,DBSCAN,df_recipes.pkl
2023-06-21 17:58:54,8.8s,6fc86f07404d4a7c8529463b8205afd7,"DBSCAN_{'eps': 0.5, 'min_samples': 5}_steps",LOCAL,d:/BigDataBI-Workshop/src/modelling/run_modelling.py,niels,FINISHED,,auto,,,,,,0.5,,30,,,,euclidean,None,5,,,,,None,,None,,,,,65.15229870835037,1.3663711012997795,0.07209937769777153,DBSCAN,sklearn.cluster._dbscan.DBSCAN,DBSCAN,df_recipes.pkl
2023-06-21 17:58:43,10.9s,c67126a94a3344c08e17baa3004efb79,Agglomerative_{'n_clusters': 5}_steps,LOCAL,d:/BigDataBI-Workshop/src/modelling/run_modelling.py,niels,FINISHED,deprecated,randomized,False,auto,None,,None,,,,ward,,None,None,,,5,2,,5,,10,,auto,None,0.0,,26.850941366975057,4.956328902511307,0.051869719598646,TruncatedSVD,sklearn.decomposition._truncated_svd.TruncatedSVD,Agglomerative,df_recipes.pkl
2023-06-21 17:58:33,9.8s,2c64fdac7f174defb8a72abc16db124e,Agglomerative_{'n_clusters': 4}_steps,LOCAL,d:/BigDataBI-Workshop/src/modelling/run_modelling.py,niels,FINISHED,deprecated,randomized,False,auto,None,,None,,,,ward,,None,None,,,4,2,,5,,10,,auto,None,0.0,,32.712919651323986,5.311551177493936,0.051792008975672654,TruncatedSVD,sklearn.decomposition._truncated_svd.TruncatedSVD,Agglomerative,df_recipes.pkl
2023-06-21 17:58:23,9.5s,6dcbdb4b57d74595b68ee6c5de24c9f0,Agglomerative_{'n_clusters': 3}_steps,LOCAL,d:/BigDataBI-Workshop/src/modelling/run_modelling.py,niels,FINISHED,deprecated,randomized,False,auto,None,,None,,,,ward,,None,None,,,3,2,,5,,10,,auto,None,0.0,,43.70843545769068,5.85245405742658,0.054617042345679864,TruncatedSVD,sklearn.decomposition._truncated_svd.TruncatedSVD,Agglomerative,df_recipes.pkl
2023-06-21 17:58:14,9.1s,2e2667b7d97f4e8fb65ad7cb9d694213,Agglomerative_{'n_clusters': 2}_steps,LOCAL,d:/BigDataBI-Workshop/src/modelling/run_modelling.py,niels,FINISHED,deprecated,randomized,False,auto,None,,None,,,,ward,,None,None,,,2,2,,5,,10,,auto,None,0.0,,72.7908902500651,1.4078179875254733,0.08035280084955994,TruncatedSVD,sklearn.decomposition._truncated_svd.TruncatedSVD,Agglomerative,df_recipes.pkl
2023-06-21 17:58:04,9.9s,a6bbaf3626ae4c4eabbff8faeeb5507d,KMeans_{'n_clusters': 5}_steps,LOCAL,d:/BigDataBI-Workshop/src/modelling/run_modelling.py,niels,FINISHED,,lloyd,,,,True,,,k-means++,,,300,,,,,5,,10,,,,,,42,0.0001,0,30.86252067703359,5.194979872002714,0.060127693405554225,KMeans,sklearn.cluster._kmeans.KMeans,KMeans,df_recipes.pkl
2023-06-21 17:57:55,9.5s,5f389f70129141c1908df1d19260b554,KMeans_{'n_clusters': 4}_steps,LOCAL,d:/BigDataBI-Workshop/src/modelling/run_modelling.py,niels,FINISHED,,lloyd,,,,True,,,k-means++,,,300,,,,,4,,10,,,,,,42,0.0001,0,36.53779269569484,4.881751604917212,0.05735534355793598,KMeans,sklearn.cluster._kmeans.KMeans,KMeans,df_recipes.pkl
2023-06-21 17:57:46,8.9s,ad0af95e9a92476c9648bee68515c718,KMeans_{'n_clusters': 3}_steps,LOCAL,d:/BigDataBI-Workshop/src/modelling/run_modelling.py,niels,FINISHED,,lloyd,,,,True,,,k-means++,,,300,,,,,3,,10,,,,,,42,0.0001,0,46.82637650320569,4.969797161845763,0.058076998838642056,KMeans,sklearn.cluster._kmeans.KMeans,KMeans,df_recipes.pkl
2023-06-21 17:57:37,8.4s,08b566d949a4494dbb8d4606f91253ed,KMeans_{'n_clusters': 2}_steps,LOCAL,d:/BigDataBI-Workshop/src/modelling/run_modelling.py,niels,FINISHED,,lloyd,,,,True,,,k-means++,,,300,,,,,2,,10,,,,,,42,0.0001,0,72.9625188711242,1.4230964297913962,0.08057174703481251,KMeans,sklearn.cluster._kmeans.KMeans,KMeans,df_recipes.pkl
2023-06-21 17:57:29,8.3s,9636cbdfef4a4212ad130807a3cb05d8,"DBSCAN_{'eps': 1.0, 'min_samples': 20}_ingredients",LOCAL,d:/BigDataBI-Workshop/src/modelling/run_modelling.py,niels,FINISHED,,auto,,,,,,1.0,,30,,,,euclidean,None,20,,,,,None,,None,,,,,2.947320159395918,14.994559582465929,0.0021828184163943318,DBSCAN,sklearn.cluster._dbscan.DBSCAN,DBSCAN,df_recipes.pkl
2023-06-21 17:57:21,8.2s,ad320d35efbc40af82328f800ec42495,"DBSCAN_{'eps': 1.0, 'min_samples': 10}_ingredients",LOCAL,d:/BigDataBI-Workshop/src/modelling/run_modelling.py,niels,FINISHED,,auto,,,,,,1.0,,30,,,,euclidean,None,10,,,,,None,,None,,,,,2.8593646978474085,14.56160492474558,0.00514287021545783,DBSCAN,sklearn.cluster._dbscan.DBSCAN,DBSCAN,df_recipes.pkl
2023-06-21 17:57:12,8.5s,8dcfe5a8030e4e1b97e2e67f00e04b34,"DBSCAN_{'eps': 1.0, 'min_samples': 5}_ingredients",LOCAL,d:/BigDataBI-Workshop/src/modelling/run_modelling.py,niels,FINISHED,,auto,,,,,,1.0,,30,,,,euclidean,None,5,,,,,None,,None,,,,,2.2264169908218086,10.265324437387612,-0.00026294300310085314,DBSCAN,sklearn.cluster._dbscan.DBSCAN,DBSCAN,df_recipes.pkl
2023-06-21 17:57:04,8.0s,38bca6fee8904bdcbe0abedd517e2734,"DBSCAN_{'eps': 0.5, 'min_samples': 20}_ingredients",LOCAL,d:/BigDataBI-Workshop/src/modelling/run_modelling.py,niels,FINISHED,,auto,,,,,,0.5,,30,,,,euclidean,None,20,,,,,None,,None,,,,,29.055628157341083,0.9067101703642999,0.07272862229919796,DBSCAN,sklearn.cluster._dbscan.DBSCAN,DBSCAN,df_recipes.pkl
2023-06-21 17:56:56,8.3s,995a3a963ef14ee29b8ea01cd78077ee,"DBSCAN_{'eps': 0.5, 'min_samples': 10}_ingredients",LOCAL,d:/BigDataBI-Workshop/src/modelling/run_modelling.py,niels,FINISHED,,auto,,,,,,0.5,,30,,,,euclidean,None,10,,,,,None,,None,,,,,19.58035802570254,1.1875064330388894,0.040223254856790215,DBSCAN,sklearn.cluster._dbscan.DBSCAN,DBSCAN,df_recipes.pkl
2023-06-21 17:56:48,8.2s,d97f155c08524f0db338c70ba6e5d972,"DBSCAN_{'eps': 0.5, 'min_samples': 5}_ingredients",LOCAL,d:/BigDataBI-Workshop/src/modelling/run_modelling.py,niels,FINISHED,,auto,,,,,,0.5,,30,,,,euclidean,None,5,,,,,None,,None,,,,,19.58035802570254,1.1875064330388894,0.040223254856790215,DBSCAN,sklearn.cluster._dbscan.DBSCAN,DBSCAN,df_recipes.pkl
2023-06-21 17:56:38,9.3s,02ceef98447e466fb6e4b4b505d4380d,Agglomerative_{'n_clusters': 5}_ingredients,LOCAL,d:/BigDataBI-Workshop/src/modelling/run_modelling.py,niels,FINISHED,deprecated,randomized,False,auto,None,,None,,,,ward,,None,None,,,5,2,,5,,10,,auto,None,0.0,,27.629589931259122,4.339832545896556,0.050084526986378115,TruncatedSVD,sklearn.decomposition._truncated_svd.TruncatedSVD,Agglomerative,df_recipes.pkl
2023-06-21 17:56:30,8.8s,8a2e1b3e77ba42f1bcf982e9013340a2,Agglomerative_{'n_clusters': 4}_ingredients,LOCAL,d:/BigDataBI-Workshop/src/modelling/run_modelling.py,niels,FINISHED,deprecated,randomized,False,auto,None,,None,,,,ward,,None,None,,,4,2,,5,,10,,auto,None,0.0,,31.52792472162781,4.47972690096022,0.057742538432748555,TruncatedSVD,sklearn.decomposition._truncated_svd.TruncatedSVD,Agglomerative,df_recipes.pkl
2023-06-21 17:56:21,8.4s,2e6270a063b04680a947197c4d8d6265,Agglomerative_{'n_clusters': 3}_ingredients,LOCAL,d:/BigDataBI-Workshop/src/modelling/run_modelling.py,niels,FINISHED,deprecated,randomized,False,auto,None,,None,,,,ward,,None,None,,,3,2,,5,,10,,auto,None,0.0,,37.55934249125952,2.1531978055391123,0.07556077216111304,TruncatedSVD,sklearn.decomposition._truncated_svd.TruncatedSVD,Agglomerative,df_recipes.pkl
2023-06-21 17:56:13,8.3s,c2e26442c23a448ca6c0c3cb870a59ea,Agglomerative_{'n_clusters': 2}_ingredients,LOCAL,d:/BigDataBI-Workshop/src/modelling/run_modelling.py,niels,FINISHED,deprecated,randomized,False,auto,None,,None,,,,ward,,None,None,,,2,2,,5,,10,,auto,None,0.0,,42.60390682179478,2.7663918359185935,0.05260437351205541,TruncatedSVD,sklearn.decomposition._truncated_svd.TruncatedSVD,Agglomerative,df_recipes.pkl
2023-06-21 17:56:04,9.2s,7349801d399e4d478c73b9065f7c798b,KMeans_{'n_clusters': 5}_ingredients,LOCAL,d:/BigDataBI-Workshop/src/modelling/run_modelling.py,niels,FINISHED,,lloyd,,,,True,,,k-means++,,,300,,,,,5,,10,,,,,,42,0.0001,0,31.357264816521926,3.9648581077094653,0.060317561354420506,KMeans,sklearn.cluster._kmeans.KMeans,KMeans,df_recipes.pkl
2023-06-21 17:55:55,8.8s,1e683bab6f9240aab5a6a51109ae159d,KMeans_{'n_clusters': 4}_ingredients,LOCAL,d:/BigDataBI-Workshop/src/modelling/run_modelling.py,niels,FINISHED,,lloyd,,,,True,,,k-means++,,,300,,,,,4,,10,,,,,,42,0.0001,0,35.09303316258832,3.7998136162806286,0.05823305157996508,KMeans,sklearn.cluster._kmeans.KMeans,KMeans,df_recipes.pkl
2023-06-21 17:55:46,8.5s,c3394fc391ce4db293f0aae1ff1e80ea,KMeans_{'n_clusters': 3}_ingredients,LOCAL,d:/BigDataBI-Workshop/src/modelling/run_modelling.py,niels,FINISHED,,lloyd,,,,True,,,k-means++,,,300,,,,,3,,10,,,,,,42,0.0001,0,36.17621378237292,4.696374609566662,0.038548995397559536,KMeans,sklearn.cluster._kmeans.KMeans,KMeans,df_recipes.pkl
2023-06-21 17:55:38,8.0s,0133edb9453a425dafe2415a22862194,KMeans_{'n_clusters': 2}_ingredients,LOCAL,d:/BigDataBI-Workshop/src/modelling/run_modelling.py,niels,FINISHED,,lloyd,,,,True,,,k-means++,,,300,,,,,2,,10,,,,,,42,0.0001,0,44.996841573618184,2.6469777323644386,0.05372060986503008,KMeans,sklearn.cluster._kmeans.KMeans,KMeans,df_recipes.pkl
2023-06-21 17:55:29,9.3s,2118c231f07e49b6b47c8203f3990c29,"DBSCAN_{'eps': 1.0, 'min_samples': 20}_ingredients+steps+description",LOCAL,d:/BigDataBI-Workshop/src/modelling/run_modelling.py,niels,FINISHED,,auto,,,,,,1.0,,30,,,,euclidean,None,20,,,,,None,,None,,,,,36.7189129463753,1.8136495705277114,0.06300565416639312,DBSCAN,sklearn.cluster._dbscan.DBSCAN,DBSCAN,df_recipes_no_stopwords.pkl
2023-06-21 17:55:18,10.6s,626b213c36d4434e8c98cf53637a773e,"DBSCAN_{'eps': 1.0, 'min_samples': 10}_ingredients+steps+description",LOCAL,d:/BigDataBI-Workshop/src/modelling/run_modelling.py,niels,FINISHED,,auto,,,,,,1.0,,30,,,,euclidean,None,10,,,,,None,,None,,,,,22.209323673007184,2.157746371541876,0.04575204268934702,DBSCAN,sklearn.cluster._dbscan.DBSCAN,DBSCAN,df_recipes_no_stopwords.pkl
2023-06-21 17:55:02,16.1s,7b3c1a9a9faa4744aa2c979778d0c609,"DBSCAN_{'eps': 1.0, 'min_samples': 5}_ingredients+steps+description",LOCAL,d:/BigDataBI-Workshop/src/modelling/run_modelling.py,niels,FINISHED,,auto,,,,,,1.0,,30,,,,euclidean,None,5,,,,,None,,None,,,,,8.029920067414544,2.3307831792543174,0.012759257013200635,DBSCAN,sklearn.cluster._dbscan.DBSCAN,DBSCAN,df_recipes_no_stopwords.pkl
2023-06-21 17:54:54,8.3s,14d752782fb042c190a3df2adc3220fc,"DBSCAN_{'eps': 0.5, 'min_samples': 20}_ingredients+steps+description",LOCAL,d:/BigDataBI-Workshop/src/modelling/run_modelling.py,niels,FINISHED,,auto,,,,,,0.5,,30,,,,euclidean,None,20,,,,,None,,None,,,,,12.952827348941659,1.2795351345358104,0.02895788000809707,DBSCAN,sklearn.cluster._dbscan.DBSCAN,DBSCAN,df_recipes_no_stopwords.pkl
2023-06-21 17:54:45,8.9s,31a005aa452043cba794a2dde9901100,"DBSCAN_{'eps': 0.5, 'min_samples': 10}_ingredients+steps+description",LOCAL,d:/BigDataBI-Workshop/src/modelling/run_modelling.py,niels,FINISHED,,auto,,,,,,0.5,,30,,,,euclidean,None,10,,,,,None,,None,,,,,12.952827348941659,1.2795351345358104,0.02895788000809707,DBSCAN,sklearn.cluster._dbscan.DBSCAN,DBSCAN,df_recipes_no_stopwords.pkl
2023-06-21 17:54:36,8.9s,eded64a8e86442899fc6e9764b6f5563,"DBSCAN_{'eps': 0.5, 'min_samples': 5}_ingredients+steps+description",LOCAL,d:/BigDataBI-Workshop/src/modelling/run_modelling.py,niels,FINISHED,,auto,,,,,,0.5,,30,,,,euclidean,None,5,,,,,None,,None,,,,,12.952827348941659,1.2795351345358104,0.02895788000809707,DBSCAN,sklearn.cluster._dbscan.DBSCAN,DBSCAN,df_recipes_no_stopwords.pkl
2023-06-21 17:54:25,10.5s,9956e7b947ca4b3cbfad27ac71965b71,Agglomerative_{'n_clusters': 5}_ingredients+steps+description,LOCAL,d:/BigDataBI-Workshop/src/modelling/run_modelling.py,niels,FINISHED,deprecated,randomized,False,auto,None,,None,,,,ward,,None,None,,,5,2,,5,,10,,auto,None,0.0,,24.949611193745618,4.267030354216512,0.04654971900441541,TruncatedSVD,sklearn.decomposition._truncated_svd.TruncatedSVD,Agglomerative,df_recipes_no_stopwords.pkl
2023-06-21 17:54:15,10.0s,845d88c102e24df38d8bb62cfd512a18,Agglomerative_{'n_clusters': 4}_ingredients+steps+description,LOCAL,d:/BigDataBI-Workshop/src/modelling/run_modelling.py,niels,FINISHED,deprecated,randomized,False,auto,None,,None,,,,ward,,None,None,,,4,2,,5,,10,,auto,None,0.0,,29.765674937812406,4.250182968080663,0.05757322479189122,TruncatedSVD,sklearn.decomposition._truncated_svd.TruncatedSVD,Agglomerative,df_recipes_no_stopwords.pkl
2023-06-21 17:54:06,9.4s,35b0eb5fa98f47dcac09907085b0b40e,Agglomerative_{'n_clusters': 3}_ingredients+steps+description,LOCAL,d:/BigDataBI-Workshop/src/modelling/run_modelling.py,niels,FINISHED,deprecated,randomized,False,auto,None,,None,,,,ward,,None,None,,,3,2,,5,,10,,auto,None,0.0,,36.7189129463753,1.8136495705277114,0.06300565416639313,TruncatedSVD,sklearn.decomposition._truncated_svd.TruncatedSVD,Agglomerative,df_recipes_no_stopwords.pkl
2023-06-21 17:53:57,9.1s,b379ff00293146b7886af4214ca90867,Agglomerative_{'n_clusters': 2}_ingredients+steps+description,LOCAL,d:/BigDataBI-Workshop/src/modelling/run_modelling.py,niels,FINISHED,deprecated,randomized,False,auto,None,,None,,,,ward,,None,None,,,2,2,,5,,10,,auto,None,0.0,,52.25970671067097,1.894609759615907,0.05726223441929302,TruncatedSVD,sklearn.decomposition._truncated_svd.TruncatedSVD,Agglomerative,df_recipes_no_stopwords.pkl
2023-06-21 17:53:47,9.9s,0f73a5d496d14014a580b916dffa8ce2,KMeans_{'n_clusters': 5}_ingredients+steps+description,LOCAL,d:/BigDataBI-Workshop/src/modelling/run_modelling.py,niels,FINISHED,,lloyd,,,,True,,,k-means++,,,300,,,,,5,,10,,,,,,42,0.0001,0,26.21170393541948,4.81706015900749,0.05251091102641342,KMeans,sklearn.cluster._kmeans.KMeans,KMeans,df_recipes_no_stopwords.pkl
2023-06-21 17:53:37,9.5s,624646bf9935422ba7936cf40c109de3,KMeans_{'n_clusters': 4}_ingredients+steps+description,LOCAL,d:/BigDataBI-Workshop/src/modelling/run_modelling.py,niels,FINISHED,,lloyd,,,,True,,,k-means++,,,300,,,,,4,,10,,,,,,42,0.0001,0,30.717657180772903,4.375904378489324,0.05886867809712844,KMeans,sklearn.cluster._kmeans.KMeans,KMeans,df_recipes_no_stopwords.pkl
2023-06-21 17:53:28,9.1s,82261797e1164d15a5dc13aedd31bc8d,KMeans_{'n_clusters': 3}_ingredients+steps+description,LOCAL,d:/BigDataBI-Workshop/src/modelling/run_modelling.py,niels,FINISHED,,lloyd,,,,True,,,k-means++,,,300,,,,,3,,10,,,,,,42,0.0001,0,36.7189129463753,1.8136495705277114,0.06300565416639312,KMeans,sklearn.cluster._kmeans.KMeans,KMeans,df_recipes_no_stopwords.pkl
2023-06-21 17:53:20,8.5s,2a09ef553f5f40b0b8b56ae302d62144,KMeans_{'n_clusters': 2}_ingredients+steps+description,LOCAL,d:/BigDataBI-Workshop/src/modelling/run_modelling.py,niels,FINISHED,,lloyd,,,,True,,,k-means++,,,300,,,,,2,,10,,,,,,42,0.0001,0,52.47363262096703,1.907864136829698,0.05739235754256862,KMeans,sklearn.cluster._kmeans.KMeans,KMeans,df_recipes_no_stopwords.pkl
2023-06-21 17:53:11,8.8s,39ffbbe5c56240dd8965fd78eb9c2124,"DBSCAN_{'eps': 1.0, 'min_samples': 20}_steps+description",LOCAL,d:/BigDataBI-Workshop/src/modelling/run_modelling.py,niels,FINISHED,,auto,,,,,,1.0,,30,,,,euclidean,None,20,,,,,None,,None,,,,,3.063767798732091,16.157605138535963,0.0020926310389387075,DBSCAN,sklearn.cluster._dbscan.DBSCAN,DBSCAN,df_recipes_no_stopwords.pkl
2023-06-21 17:53:02,8.7s,1c31ea94511c4efe9a6a5f8fa7f607ba,"DBSCAN_{'eps': 1.0, 'min_samples': 10}_steps+description",LOCAL,d:/BigDataBI-Workshop/src/modelling/run_modelling.py,niels,FINISHED,,auto,,,,,,1.0,,30,,,,euclidean,None,10,,,,,None,,None,,,,,3.0242063785444064,16.039482288475668,0.002054993530069914,DBSCAN,sklearn.cluster._dbscan.DBSCAN,DBSCAN,df_recipes_no_stopwords.pkl
2023-06-21 17:52:53,9.3s,4c398a4b94fe4b7cb27c50608398888f,"DBSCAN_{'eps': 1.0, 'min_samples': 5}_steps+description",LOCAL,d:/BigDataBI-Workshop/src/modelling/run_modelling.py,niels,FINISHED,,auto,,,,,,1.0,,30,,,,euclidean,None,5,,,,,None,,None,,,,,2.0688481841321478,11.317208040856299,-0.010791103794045447,DBSCAN,sklearn.cluster._dbscan.DBSCAN,DBSCAN,df_recipes_no_stopwords.pkl
2023-06-21 17:52:44,8.2s,0a79b76a388a4e849a0325515e31df9b,"DBSCAN_{'eps': 0.5, 'min_samples': 20}_steps+description",LOCAL,d:/BigDataBI-Workshop/src/modelling/run_modelling.py,niels,FINISHED,,auto,,,,,,0.5,,30,,,,euclidean,None,20,,,,,None,,None,,,,,5.257740303824734,1.437809074044367,-0.00464427345681019,DBSCAN,sklearn.cluster._dbscan.DBSCAN,DBSCAN,df_recipes_no_stopwords.pkl
2023-06-21 17:52:36,8.4s,250975be7b714b709045e49f8843ad54,"DBSCAN_{'eps': 0.5, 'min_samples': 10}_steps+description",LOCAL,d:/BigDataBI-Workshop/src/modelling/run_modelling.py,niels,FINISHED,,auto,,,,,,0.5,,30,,,,euclidean,None,10,,,,,None,,None,,,,,5.257740303824734,1.437809074044367,-0.00464427345681019,DBSCAN,sklearn.cluster._dbscan.DBSCAN,DBSCAN,df_recipes_no_stopwords.pkl
2023-06-21 17:52:27,8.6s,3d9091fed95342018e78d6909795676b,"DBSCAN_{'eps': 0.5, 'min_samples': 5}_steps+description",LOCAL,d:/BigDataBI-Workshop/src/modelling/run_modelling.py,niels,FINISHED,,auto,,,,,,0.5,,30,,,,euclidean,None,5,,,,,None,,None,,,,,5.257740303824734,1.437809074044367,-0.00464427345681019,DBSCAN,sklearn.cluster._dbscan.DBSCAN,DBSCAN,df_recipes_no_stopwords.pkl
2023-06-21 17:52:17,10.4s,554fb17f7dd9421ea74736a517007924,Agglomerative_{'n_clusters': 5}_steps+description,LOCAL,d:/BigDataBI-Workshop/src/modelling/run_modelling.py,niels,FINISHED,deprecated,randomized,False,auto,None,,None,,,,ward,,None,None,,,5,2,,5,,10,,auto,None,0.0,,21.753354065862833,4.933052667415922,0.03616841904033344,TruncatedSVD,sklearn.decomposition._truncated_svd.TruncatedSVD,Agglomerative,df_recipes_no_stopwords.pkl
2023-06-21 17:52:07,10.1s,4f0b11f813fb4e15a258a793ee608948,Agglomerative_{'n_clusters': 4}_steps+description,LOCAL,d:/BigDataBI-Workshop/src/modelling/run_modelling.py,niels,FINISHED,deprecated,randomized,False,auto,None,,None,,,,ward,,None,None,,,4,2,,5,,10,,auto,None,0.0,,25.806232400443076,5.45908844194845,0.038694614575409736,TruncatedSVD,sklearn.decomposition._truncated_svd.TruncatedSVD,Agglomerative,df_recipes_no_stopwords.pkl
2023-06-21 17:51:57,10.0s,5b362b1a5b724d6f87e5e603d9e324db,Agglomerative_{'n_clusters': 3}_steps+description,LOCAL,d:/BigDataBI-Workshop/src/modelling/run_modelling.py,niels,FINISHED,deprecated,randomized,False,auto,None,,None,,,,ward,,None,None,,,3,2,,5,,10,,auto,None,0.0,,33.70315392846854,6.3400388109373,0.03898993437740622,TruncatedSVD,sklearn.decomposition._truncated_svd.TruncatedSVD,Agglomerative,df_recipes_no_stopwords.pkl
2023-06-21 17:51:48,9.0s,dc72bbe7331b4f968285a97ffa32512e,Agglomerative_{'n_clusters': 2}_steps+description,LOCAL,d:/BigDataBI-Workshop/src/modelling/run_modelling.py,niels,FINISHED,deprecated,randomized,False,auto,None,,None,,,,ward,,None,None,,,2,2,,5,,10,,auto,None,0.0,,55.29842331733649,1.8221140339080464,0.058294343626868986,TruncatedSVD,sklearn.decomposition._truncated_svd.TruncatedSVD,Agglomerative,df_recipes_no_stopwords.pkl
2023-06-21 17:51:38,10.0s,2f295ef096a94b15b2758751428aa631,KMeans_{'n_clusters': 5}_steps+description,LOCAL,d:/BigDataBI-Workshop/src/modelling/run_modelling.py,niels,FINISHED,,lloyd,,,,True,,,k-means++,,,300,,,,,5,,10,,,,,,42,0.0001,0,23.81412662906857,5.612445733250428,0.04468757972458471,KMeans,sklearn.cluster._kmeans.KMeans,KMeans,df_recipes_no_stopwords.pkl
2023-06-21 17:51:28,9.4s,120a835116554672b33a58a15a7cf01f,KMeans_{'n_clusters': 4}_steps+description,LOCAL,d:/BigDataBI-Workshop/src/modelling/run_modelling.py,niels,FINISHED,,lloyd,,,,True,,,k-means++,,,300,,,,,4,,10,,,,,,42,0.0001,0,28.164950262935037,5.288521724931235,0.042055620486938505,KMeans,sklearn.cluster._kmeans.KMeans,KMeans,df_recipes_no_stopwords.pkl
2023-06-21 17:51:19,9.0s,ab07c6b5842a4a0185526c77189eba53,KMeans_{'n_clusters': 3}_steps+description,LOCAL,d:/BigDataBI-Workshop/src/modelling/run_modelling.py,niels,FINISHED,,lloyd,,,,True,,,k-means++,,,300,,,,,3,,10,,,,,,42,0.0001,0,35.764991917783846,5.699646530256757,0.04218186870810322,KMeans,sklearn.cluster._kmeans.KMeans,KMeans,df_recipes_no_stopwords.pkl
2023-06-21 17:51:11,8.5s,5bc6120724cc42ef9285245d6ad70e0a,KMeans_{'n_clusters': 2}_steps+description,LOCAL,d:/BigDataBI-Workshop/src/modelling/run_modelling.py,niels,FINISHED,,lloyd,,,,True,,,k-means++,,,300,,,,,2,,10,,,,,,42,0.0001,0,55.29842331733649,1.8221140339080464,0.05829434362689179,KMeans,sklearn.cluster._kmeans.KMeans,KMeans,df_recipes_no_stopwords.pkl
2023-06-21 17:51:02,8.6s,fd95c443a75447f997f82343efefe8b9,"DBSCAN_{'eps': 1.0, 'min_samples': 20}_ingredients+description",LOCAL,d:/BigDataBI-Workshop/src/modelling/run_modelling.py,niels,FINISHED,,auto,,,,,,1.0,,30,,,,euclidean,None,20,,,,,None,,None,,,,,22.541019006135254,2.2257875761639316,0.04041968867053641,DBSCAN,sklearn.cluster._dbscan.DBSCAN,DBSCAN,df_recipes_no_stopwords.pkl
2023-06-21 17:50:53,8.6s,4c9092d66b65407c9160ca0195d75bf9,"DBSCAN_{'eps': 1.0, 'min_samples': 10}_ingredients+description",LOCAL,d:/BigDataBI-Workshop/src/modelling/run_modelling.py,niels,FINISHED,,auto,,,,,,1.0,,30,,,,euclidean,None,10,,,,,None,,None,,,,,23.0328379839072,2.2878915332024667,0.041654700590106404,DBSCAN,sklearn.cluster._dbscan.DBSCAN,DBSCAN,df_recipes_no_stopwords.pkl
2023-06-21 17:50:44,9.7s,00051eca2477419095a5477ba7ab4479,"DBSCAN_{'eps': 1.0, 'min_samples': 5}_ingredients+description",LOCAL,d:/BigDataBI-Workshop/src/modelling/run_modelling.py,niels,FINISHED,,auto,,,,,,1.0,,30,,,,euclidean,None,5,,,,,None,,None,,,,,11.631911603931279,2.407887413542609,0.02085547715946028,DBSCAN,sklearn.cluster._dbscan.DBSCAN,DBSCAN,df_recipes_no_stopwords.pkl
2023-06-21 17:50:35,8.1s,5c683e947aef4a68a3ff22fd34d366e7,"DBSCAN_{'eps': 0.5, 'min_samples': 20}_ingredients+description",LOCAL,d:/BigDataBI-Workshop/src/modelling/run_modelling.py,niels,FINISHED,,auto,,,,,,0.5,,30,,,,euclidean,None,20,,,,,None,,None,,,,,20.770337344924002,1.1039478572327612,0.03180048237111417,DBSCAN,sklearn.cluster._dbscan.DBSCAN,DBSCAN,df_recipes_no_stopwords.pkl
2023-06-21 17:50:27,8.2s,ab7f1f0068f1456c8ff91b0d923f7c81,"DBSCAN_{'eps': 0.5, 'min_samples': 10}_ingredients+description",LOCAL,d:/BigDataBI-Workshop/src/modelling/run_modelling.py,niels,FINISHED,,auto,,,,,,0.5,,30,,,,euclidean,None,10,,,,,None,,None,,,,,20.770337344924002,1.1039478572327612,0.03180048237111417,DBSCAN,sklearn.cluster._dbscan.DBSCAN,DBSCAN,df_recipes_no_stopwords.pkl
2023-06-21 17:50:19,8.2s,2348c20f56574ab29aa520fb1e40d880,"DBSCAN_{'eps': 0.5, 'min_samples': 5}_ingredients+description",LOCAL,d:/BigDataBI-Workshop/src/modelling/run_modelling.py,niels,FINISHED,,auto,,,,,,0.5,,30,,,,euclidean,None,5,,,,,None,,None,,,,,20.770337344924002,1.1039478572327612,0.03180048237111417,DBSCAN,sklearn.cluster._dbscan.DBSCAN,DBSCAN,df_recipes_no_stopwords.pkl
2023-06-21 17:50:09,9.8s,10ed96e6dec64f93805c91b6a734beab,Agglomerative_{'n_clusters': 5}_ingredients+description,LOCAL,d:/BigDataBI-Workshop/src/modelling/run_modelling.py,niels,FINISHED,deprecated,randomized,False,auto,None,,None,,,,ward,,None,None,,,5,2,,5,,10,,auto,None,0.0,,17.616292618847258,5.2763285787928655,0.03566174986860713,TruncatedSVD,sklearn.decomposition._truncated_svd.TruncatedSVD,Agglomerative,df_recipes_no_stopwords.pkl
2023-06-21 17:50:00,9.4s,a93cf16d6fa04f65bedc2b1bc4eeb267,Agglomerative_{'n_clusters': 4}_ingredients+description,LOCAL,d:/BigDataBI-Workshop/src/modelling/run_modelling.py,niels,FINISHED,deprecated,randomized,False,auto,None,,None,,,,ward,,None,None,,,4,2,,5,,10,,auto,None,0.0,,20.60603509370263,4.7122124385845545,0.04206304584672886,TruncatedSVD,sklearn.decomposition._truncated_svd.TruncatedSVD,Agglomerative,df_recipes_no_stopwords.pkl
2023-06-21 17:49:51,9.0s,ef80df78cd9c4923afc8e0970323fa7a,Agglomerative_{'n_clusters': 3}_ingredients+description,LOCAL,d:/BigDataBI-Workshop/src/modelling/run_modelling.py,niels,FINISHED,deprecated,randomized,False,auto,None,,None,,,,ward,,None,None,,,3,2,,5,,10,,auto,None,0.0,,23.847747631079276,2.4852918242452167,0.04464552592336085,TruncatedSVD,sklearn.decomposition._truncated_svd.TruncatedSVD,Agglomerative,df_recipes_no_stopwords.pkl
2023-06-21 17:49:42,8.6s,268c40cf601e47ebbc7f5ddafe372918,Agglomerative_{'n_clusters': 2}_ingredients+description,LOCAL,d:/BigDataBI-Workshop/src/modelling/run_modelling.py,niels,FINISHED,deprecated,randomized,False,auto,None,,None,,,,ward,,None,None,,,2,2,,5,,10,,auto,None,0.0,,24.056103260983534,3.61836123012223,0.03218693410946082,TruncatedSVD,sklearn.decomposition._truncated_svd.TruncatedSVD,Agglomerative,df_recipes_no_stopwords.pkl
2023-06-21 17:49:32,9.6s,a6b51fad2af0435a99a3db2b5a5cec58,KMeans_{'n_clusters': 5}_ingredients+description,LOCAL,d:/BigDataBI-Workshop/src/modelling/run_modelling.py,niels,FINISHED,,lloyd,,,,True,,,k-means++,,,300,,,,,5,,10,,,,,,42,0.0001,0,19.111788643142667,4.961886894037902,0.03930001057012143,KMeans,sklearn.cluster._kmeans.KMeans,KMeans,df_recipes_no_stopwords.pkl
2023-06-21 17:49:23,9.1s,2182a16765d24f4d9d54288fd4c1f5a0,KMeans_{'n_clusters': 4}_ingredients+description,LOCAL,d:/BigDataBI-Workshop/src/modelling/run_modelling.py,niels,FINISHED,,lloyd,,,,True,,,k-means++,,,300,,,,,4,,10,,,,,,42,0.0001,0,17.761171681236206,6.141242671369449,0.02922008241144634,KMeans,sklearn.cluster._kmeans.KMeans,KMeans,df_recipes_no_stopwords.pkl
2023-06-21 17:49:15,8.6s,94048adf41a843219b18f4483cfd8604,KMeans_{'n_clusters': 3}_ingredients+description,LOCAL,d:/BigDataBI-Workshop/src/modelling/run_modelling.py,niels,FINISHED,,lloyd,,,,True,,,k-means++,,,300,,,,,3,,10,,,,,,42,0.0001,0,20.975517689642878,5.441223472648488,0.032802700928425035,KMeans,sklearn.cluster._kmeans.KMeans,KMeans,df_recipes_no_stopwords.pkl
2023-06-21 17:49:06,8.6s,986199acea6645ef968564afa5805cd0,KMeans_{'n_clusters': 2}_ingredients+description,LOCAL,d:/BigDataBI-Workshop/src/modelling/run_modelling.py,niels,FINISHED,,lloyd,,,,True,,,k-means++,,,300,,,,,2,,10,,,,,,42,0.0001,0,23.281441222254017,1.5001903832316132,0.03249611089920495,KMeans,sklearn.cluster._kmeans.KMeans,KMeans,df_recipes_no_stopwords.pkl
2023-06-21 17:48:57,8.7s,f1239402acdf4ea58142e8b131ac03fa,"DBSCAN_{'eps': 1.0, 'min_samples': 20}_ingredients+steps",LOCAL,d:/BigDataBI-Workshop/src/modelling/run_modelling.py,niels,FINISHED,,auto,,,,,,1.0,,30,,,,euclidean,None,20,,,,,None,,None,,,,,2.931399496971572,16.868613664349215,0.0019844063363123102,DBSCAN,sklearn.cluster._dbscan.DBSCAN,DBSCAN,df_recipes_no_stopwords.pkl
2023-06-21 17:48:49,8.7s,d29ab593721f4ef9a9133ccc28841bdc,"DBSCAN_{'eps': 1.0, 'min_samples': 10}_ingredients+steps",LOCAL,d:/BigDataBI-Workshop/src/modelling/run_modelling.py,niels,FINISHED,,auto,,,,,,1.0,,30,,,,euclidean,None,10,,,,,None,,None,,,,,2.8837724953562796,16.872788716677743,0.001938186844521204,DBSCAN,sklearn.cluster._dbscan.DBSCAN,DBSCAN,df_recipes_no_stopwords.pkl
2023-06-21 17:48:40,8.7s,1c249601a96c48d885949ecef3993150,"DBSCAN_{'eps': 1.0, 'min_samples': 5}_ingredients+steps",LOCAL,d:/BigDataBI-Workshop/src/modelling/run_modelling.py,niels,FINISHED,,auto,,,,,,1.0,,30,,,,euclidean,None,5,,,,,None,,None,,,,,2.664285763141212,16.69270764037819,0.0022160182878128813,DBSCAN,sklearn.cluster._dbscan.DBSCAN,DBSCAN,df_recipes_no_stopwords.pkl
2023-06-21 17:48:32,8.2s,7bbd07e18ad94f4b90989d8cc5a53780,"DBSCAN_{'eps': 0.5, 'min_samples': 20}_ingredients+steps",LOCAL,d:/BigDataBI-Workshop/src/modelling/run_modelling.py,niels,FINISHED,,auto,,,,,,0.5,,30,,,,euclidean,None,20,,,,,None,,None,,,,,16.23087497693835,1.2546688671986643,0.03494212670793497,DBSCAN,sklearn.cluster._dbscan.DBSCAN,DBSCAN,df_recipes_no_stopwords.pkl
2023-06-21 17:48:23,8.7s,247f337da31845cf870e0d29f15eb5da,"DBSCAN_{'eps': 0.5, 'min_samples': 10}_ingredients+steps",LOCAL,d:/BigDataBI-Workshop/src/modelling/run_modelling.py,niels,FINISHED,,auto,,,,,,0.5,,30,,,,euclidean,None,10,,,,,None,,None,,,,,16.23087497693835,1.2546688671986643,0.03494212670793497,DBSCAN,sklearn.cluster._dbscan.DBSCAN,DBSCAN,df_recipes_no_stopwords.pkl
2023-06-21 17:48:14,8.8s,2ba7f7ecb2f14127856412ce05c109c6,"DBSCAN_{'eps': 0.5, 'min_samples': 5}_ingredients+steps",LOCAL,d:/BigDataBI-Workshop/src/modelling/run_modelling.py,niels,FINISHED,,auto,,,,,,0.5,,30,,,,euclidean,None,5,,,,,None,,None,,,,,16.23087497693835,1.2546688671986643,0.03494212670793497,DBSCAN,sklearn.cluster._dbscan.DBSCAN,DBSCAN,df_recipes_no_stopwords.pkl
2023-06-21 17:48:04,10.3s,62474158633f4aebaeae6d51f99432be,Agglomerative_{'n_clusters': 5}_ingredients+steps,LOCAL,d:/BigDataBI-Workshop/src/modelling/run_modelling.py,niels,FINISHED,deprecated,randomized,False,auto,None,,None,,,,ward,,None,None,,,5,2,,5,,10,,auto,None,0.0,,24.925050691160173,3.999338436982523,0.04661112554021604,TruncatedSVD,sklearn.decomposition._truncated_svd.TruncatedSVD,Agglomerative,df_recipes_no_stopwords.pkl
2023-06-21 17:47:54,9.8s,ce72692fe44745ad97d8f8c5e4c31912,Agglomerative_{'n_clusters': 4}_ingredients+steps,LOCAL,d:/BigDataBI-Workshop/src/modelling/run_modelling.py,niels,FINISHED,deprecated,randomized,False,auto,None,,None,,,,ward,,None,None,,,4,2,,5,,10,,auto,None,0.0,,30.01546415557092,4.1232321240136525,0.05808953176424999,TruncatedSVD,sklearn.decomposition._truncated_svd.TruncatedSVD,Agglomerative,df_recipes_no_stopwords.pkl
2023-06-21 17:47:44,9.5s,6c113ad1dbf7489a82e2d17cf4e4dbc7,Agglomerative_{'n_clusters': 3}_ingredients+steps,LOCAL,d:/BigDataBI-Workshop/src/modelling/run_modelling.py,niels,FINISHED,deprecated,randomized,False,auto,None,,None,,,,ward,,None,None,,,3,2,,5,,10,,auto,None,0.0,,37.29750526021718,1.7882483149029473,0.06853936271260119,TruncatedSVD,sklearn.decomposition._truncated_svd.TruncatedSVD,Agglomerative,df_recipes_no_stopwords.pkl
2023-06-21 17:47:35,8.9s,953f7d2ca0bb460da448157f0ac5072c,Agglomerative_{'n_clusters': 2}_ingredients+steps,LOCAL,d:/BigDataBI-Workshop/src/modelling/run_modelling.py,niels,FINISHED,deprecated,randomized,False,auto,None,,None,,,,ward,,None,None,,,2,2,,5,,10,,auto,None,0.0,,50.12719705118507,1.9691543772997715,0.05834235965711001,TruncatedSVD,sklearn.decomposition._truncated_svd.TruncatedSVD,Agglomerative,df_recipes_no_stopwords.pkl
2023-06-21 17:47:25,9.9s,d5230c3ea82849f1867a3527fbfa3a1b,KMeans_{'n_clusters': 5}_ingredients+steps,LOCAL,d:/BigDataBI-Workshop/src/modelling/run_modelling.py,niels,FINISHED,,lloyd,,,,True,,,k-means++,,,300,,,,,5,,10,,,,,,42,0.0001,0,26.970068029143025,4.88662615986886,0.054145408643607756,KMeans,sklearn.cluster._kmeans.KMeans,KMeans,df_recipes_no_stopwords.pkl
2023-06-21 17:47:16,9.4s,cea2b25e2ace409592b8a8638803263a,KMeans_{'n_clusters': 4}_ingredients+steps,LOCAL,d:/BigDataBI-Workshop/src/modelling/run_modelling.py,niels,FINISHED,,lloyd,,,,True,,,k-means++,,,300,,,,,4,,10,,,,,,42,0.0001,0,31.513885566623227,4.451512090105525,0.05841225873329603,KMeans,sklearn.cluster._kmeans.KMeans,KMeans,df_recipes_no_stopwords.pkl
2023-06-21 17:47:07,9.0s,23d87427782949b689d3c9caefd2ca7a,KMeans_{'n_clusters': 3}_ingredients+steps,LOCAL,d:/BigDataBI-Workshop/src/modelling/run_modelling.py,niels,FINISHED,,lloyd,,,,True,,,k-means++,,,300,,,,,3,,10,,,,,,42,0.0001,0,35.14159945661534,5.098409897646346,0.04919907481988473,KMeans,sklearn.cluster._kmeans.KMeans,KMeans,df_recipes_no_stopwords.pkl
2023-06-21 17:46:58,8.5s,19d7e9a77eb94f0481bbb4653f122d18,KMeans_{'n_clusters': 2}_ingredients+steps,LOCAL,d:/BigDataBI-Workshop/src/modelling/run_modelling.py,niels,FINISHED,,lloyd,,,,True,,,k-means++,,,300,,,,,2,,10,,,,,,42,0.0001,0,50.12719705118507,1.9691543772997715,0.05834235965711001,KMeans,sklearn.cluster._kmeans.KMeans,KMeans,df_recipes_no_stopwords.pkl
2023-06-21 17:46:50,8.2s,5c823a9e795d45e4bf0b64f485f06254,"DBSCAN_{'eps': 1.0, 'min_samples': 20}_description",LOCAL,d:/BigDataBI-Workshop/src/modelling/run_modelling.py,niels,FINISHED,,auto,,,,,,1.0,,30,,,,euclidean,None,20,,,,,None,,None,,,,,1.7157510568583165,20.17101363929706,0.004898644117881604,DBSCAN,sklearn.cluster._dbscan.DBSCAN,DBSCAN,df_recipes_no_stopwords.pkl
2023-06-21 17:46:41,8.9s,a9379bf955eb42b8b695a1f7b4973410,"DBSCAN_{'eps': 1.0, 'min_samples': 10}_description",LOCAL,d:/BigDataBI-Workshop/src/modelling/run_modelling.py,niels,FINISHED,,auto,,,,,,1.0,,30,,,,euclidean,None,10,,,,,None,,None,,,,,1.6508329801511945,20.104637909199678,0.005122313867053933,DBSCAN,sklearn.cluster._dbscan.DBSCAN,DBSCAN,df_recipes_no_stopwords.pkl
2023-06-21 17:46:32,8.8s,c3b3d15fd79645e1bd867a69e0e873f6,"DBSCAN_{'eps': 1.0, 'min_samples': 5}_description",LOCAL,d:/BigDataBI-Workshop/src/modelling/run_modelling.py,niels,FINISHED,,auto,,,,,,1.0,,30,,,,euclidean,None,5,,,,,None,,None,,,,,1.6508329801511945,20.104637909199678,0.005122313867053933,DBSCAN,sklearn.cluster._dbscan.DBSCAN,DBSCAN,df_recipes_no_stopwords.pkl
2023-06-21 17:46:24,8.2s,b1f0ece2470b41a2bc10a0b3a502b3ee,"DBSCAN_{'eps': 0.5, 'min_samples': 20}_description",LOCAL,d:/BigDataBI-Workshop/src/modelling/run_modelling.py,niels,FINISHED,,auto,,,,,,0.5,,30,,,,euclidean,None,20,,,,,None,,None,,,,,22.26784494374884,0.9639536408878443,0.036634295642888046,DBSCAN,sklearn.cluster._dbscan.DBSCAN,DBSCAN,df_recipes_no_stopwords.pkl
2023-06-21 17:46:16,8.0s,18473a8c41044f6f969d7587ed328d3b,"DBSCAN_{'eps': 0.5, 'min_samples': 10}_description",LOCAL,d:/BigDataBI-Workshop/src/modelling/run_modelling.py,niels,FINISHED,,auto,,,,,,0.5,,30,,,,euclidean,None,10,,,,,None,,None,,,,,11.322928817637987,4.758524474390537,-0.23613035006418204,DBSCAN,sklearn.cluster._dbscan.DBSCAN,DBSCAN,df_recipes_no_stopwords.pkl
2023-06-21 17:46:08,8.0s,083988a0b1524edf82bbd683e9c6ccec,"DBSCAN_{'eps': 0.5, 'min_samples': 5}_description",LOCAL,d:/BigDataBI-Workshop/src/modelling/run_modelling.py,niels,FINISHED,,auto,,,,,,0.5,,30,,,,euclidean,None,5,,,,,None,,None,,,,,11.322928817637987,4.758524474390537,-0.23613035006418204,DBSCAN,sklearn.cluster._dbscan.DBSCAN,DBSCAN,df_recipes_no_stopwords.pkl
2023-06-21 17:45:58,9.7s,6a7840a25680406dae59b4eb72e8dcb6,Agglomerative_{'n_clusters': 5}_description,LOCAL,d:/BigDataBI-Workshop/src/modelling/run_modelling.py,niels,FINISHED,deprecated,randomized,False,auto,None,,None,,,,ward,,None,None,,,5,2,,5,,10,,auto,None,0.0,,16.322643774888913,6.145014590430984,0.040715274992185004,TruncatedSVD,sklearn.decomposition._truncated_svd.TruncatedSVD,Agglomerative,df_recipes_no_stopwords.pkl
2023-06-21 17:45:49,9.3s,d6003e4bc1314b7abe5bec2ab77750e2,Agglomerative_{'n_clusters': 4}_description,LOCAL,d:/BigDataBI-Workshop/src/modelling/run_modelling.py,niels,FINISHED,deprecated,randomized,False,auto,None,,None,,,,ward,,None,None,,,4,2,,5,,10,,auto,None,0.0,,19.52445206017151,6.172461357911855,0.04256807727971976,TruncatedSVD,sklearn.decomposition._truncated_svd.TruncatedSVD,Agglomerative,df_recipes_no_stopwords.pkl
2023-06-21 17:45:40,8.8s,1f61ebebafc443ac9332642777b3537f,Agglomerative_{'n_clusters': 3}_description,LOCAL,d:/BigDataBI-Workshop/src/modelling/run_modelling.py,niels,FINISHED,deprecated,randomized,False,auto,None,,None,,,,ward,,None,None,,,3,2,,5,,10,,auto,None,0.0,,24.89876765220103,2.2681194003709617,0.04923017652809345,TruncatedSVD,sklearn.decomposition._truncated_svd.TruncatedSVD,Agglomerative,df_recipes_no_stopwords.pkl
2023-06-21 17:45:31,9.6s,52cf962542e147438c402050b626c2d5,Agglomerative_{'n_clusters': 2}_description,LOCAL,d:/BigDataBI-Workshop/src/modelling/run_modelling.py,niels,FINISHED,deprecated,randomized,False,auto,None,,None,,,,ward,,None,None,,,2,2,,5,,10,,auto,None,0.0,,26.39023892300637,2.923788484717776,0.02846089182514302,TruncatedSVD,sklearn.decomposition._truncated_svd.TruncatedSVD,Agglomerative,df_recipes_no_stopwords.pkl
2023-06-21 17:45:21,9.4s,ee319b65ac3a4929bd1b9847890952f7,KMeans_{'n_clusters': 5}_description,LOCAL,d:/BigDataBI-Workshop/src/modelling/run_modelling.py,niels,FINISHED,,lloyd,,,,True,,,k-means++,,,300,,,,,5,,10,,,,,,42,0.0001,0,17.797984857231953,4.9063604120018365,0.047024720800632976,KMeans,sklearn.cluster._kmeans.KMeans,KMeans,df_recipes_no_stopwords.pkl
2023-06-21 17:45:12,9.6s,4a2c504e2e68430c93c15655af5af110,KMeans_{'n_clusters': 4}_description,LOCAL,d:/BigDataBI-Workshop/src/modelling/run_modelling.py,niels,FINISHED,,lloyd,,,,True,,,k-means++,,,300,,,,,4,,10,,,,,,42,0.0001,0,16.084754230694035,6.089395455152897,0.02431900211984673,KMeans,sklearn.cluster._kmeans.KMeans,KMeans,df_recipes_no_stopwords.pkl
2023-06-21 17:45:03,8.6s,928b2b257e1b439db6c513d764293c36,KMeans_{'n_clusters': 3}_description,LOCAL,d:/BigDataBI-Workshop/src/modelling/run_modelling.py,niels,FINISHED,,lloyd,,,,True,,,k-means++,,,300,,,,,3,,10,,,,,,42,0.0001,0,20.882271846909564,5.538859879605925,0.02651884796014815,KMeans,sklearn.cluster._kmeans.KMeans,KMeans,df_recipes_no_stopwords.pkl
2023-06-21 17:44:55,8.4s,f4f06ac7fbac43a1ada56463f702728c,KMeans_{'n_clusters': 2}_description,LOCAL,d:/BigDataBI-Workshop/src/modelling/run_modelling.py,niels,FINISHED,,lloyd,,,,True,,,k-means++,,,300,,,,,2,,10,,,,,,42,0.0001,0,27.36607533442917,2.694691058346289,0.028900637331436514,KMeans,sklearn.cluster._kmeans.KMeans,KMeans,df_recipes_no_stopwords.pkl
2023-06-21 17:44:46,8.7s,db1a6caaa9294c2fb7ab0845e2f15641,"DBSCAN_{'eps': 1.0, 'min_samples': 20}_steps",LOCAL,d:/BigDataBI-Workshop/src/modelling/run_modelling.py,niels,FINISHED,,auto,,,,,,1.0,,30,,,,euclidean,None,20,,,,,None,,None,,,,,2.9502108053187763,16.55113175679482,0.0025470254016948185,DBSCAN,sklearn.cluster._dbscan.DBSCAN,DBSCAN,df_recipes_no_stopwords.pkl
2023-06-21 17:44:37,9.3s,bc7824bc5a904d46a30919be9bc0a105,"DBSCAN_{'eps': 1.0, 'min_samples': 10}_steps",LOCAL,d:/BigDataBI-Workshop/src/modelling/run_modelling.py,niels,FINISHED,,auto,,,,,,1.0,,30,,,,euclidean,None,10,,,,,None,,None,,,,,2.766724667041754,16.075931035479613,0.0031133010233580886,DBSCAN,sklearn.cluster._dbscan.DBSCAN,DBSCAN,df_recipes_no_stopwords.pkl
2023-06-21 17:44:27,9.6s,5c46cb2c0ec042488bb8a7d6a8200bb0,"DBSCAN_{'eps': 1.0, 'min_samples': 5}_steps",LOCAL,d:/BigDataBI-Workshop/src/modelling/run_modelling.py,niels,FINISHED,,auto,,,,,,1.0,,30,,,,euclidean,None,5,,,,,None,,None,,,,,2.546607097791138,16.126901858318533,0.003198992053207213,DBSCAN,sklearn.cluster._dbscan.DBSCAN,DBSCAN,df_recipes_no_stopwords.pkl
2023-06-21 17:44:18,8.4s,4b6bc4ab07bf4d7a90287a6fd979113e,"DBSCAN_{'eps': 0.5, 'min_samples': 20}_steps",LOCAL,d:/BigDataBI-Workshop/src/modelling/run_modelling.py,niels,FINISHED,,auto,,,,,,0.5,,30,,,,euclidean,None,20,,,,,None,,None,,,,,3.281497169329527,3.092542208184239,-0.26850177539392184,DBSCAN,sklearn.cluster._dbscan.DBSCAN,DBSCAN,df_recipes_no_stopwords.pkl
2023-06-21 17:44:10,8.5s,9d224d199d3c4b938db6467e20a770be,"DBSCAN_{'eps': 0.5, 'min_samples': 10}_steps",LOCAL,d:/BigDataBI-Workshop/src/modelling/run_modelling.py,niels,FINISHED,,auto,,,,,,0.5,,30,,,,euclidean,None,10,,,,,None,,None,,,,,3.281497169329527,3.092542208184239,-0.26850177539392184,DBSCAN,sklearn.cluster._dbscan.DBSCAN,DBSCAN,df_recipes_no_stopwords.pkl
2023-06-21 17:44:01,9.0s,19e96278ed7e4eb0ae2292c8ab5d9d6e,"DBSCAN_{'eps': 0.5, 'min_samples': 5}_steps",LOCAL,d:/BigDataBI-Workshop/src/modelling/run_modelling.py,niels,FINISHED,,auto,,,,,,0.5,,30,,,,euclidean,None,5,,,,,None,,None,,,,,3.281497169329527,3.092542208184239,-0.26850177539392184,DBSCAN,sklearn.cluster._dbscan.DBSCAN,DBSCAN,df_recipes_no_stopwords.pkl
2023-06-21 17:43:51,10.2s,8534172092e04ceebf409191ed5e9173,Agglomerative_{'n_clusters': 5}_steps,LOCAL,d:/BigDataBI-Workshop/src/modelling/run_modelling.py,niels,FINISHED,deprecated,randomized,False,auto,None,,None,,,,ward,,None,None,,,5,2,,5,,10,,auto,None,0.0,,21.33900294807261,4.921577203400584,0.03531016784186103,TruncatedSVD,sklearn.decomposition._truncated_svd.TruncatedSVD,Agglomerative,df_recipes_no_stopwords.pkl
2023-06-21 17:43:41,10.0s,a31544ebca1542099d36c947877f11da,Agglomerative_{'n_clusters': 4}_steps,LOCAL,d:/BigDataBI-Workshop/src/modelling/run_modelling.py,niels,FINISHED,deprecated,randomized,False,auto,None,,None,,,,ward,,None,None,,,4,2,,5,,10,,auto,None,0.0,,25.318911467295145,5.398187433628922,0.0369667229938851,TruncatedSVD,sklearn.decomposition._truncated_svd.TruncatedSVD,Agglomerative,df_recipes_no_stopwords.pkl
2023-06-21 17:43:31,9.3s,1a37528b4dc5498f942302d9989b55c8,Agglomerative_{'n_clusters': 3}_steps,LOCAL,d:/BigDataBI-Workshop/src/modelling/run_modelling.py,niels,FINISHED,deprecated,randomized,False,auto,None,,None,,,,ward,,None,None,,,3,2,,5,,10,,auto,None,0.0,,33.149244178974875,6.298038236928346,0.037849909631493685,TruncatedSVD,sklearn.decomposition._truncated_svd.TruncatedSVD,Agglomerative,df_recipes_no_stopwords.pkl
2023-06-21 17:43:22,9.3s,70e1671b23134eda954e3677929bd039,Agglomerative_{'n_clusters': 2}_steps,LOCAL,d:/BigDataBI-Workshop/src/modelling/run_modelling.py,niels,FINISHED,deprecated,randomized,False,auto,None,,None,,,,ward,,None,None,,,2,2,,5,,10,,auto,None,0.0,,53.65143504529844,1.8624473387324114,0.060994520070552616,TruncatedSVD,sklearn.decomposition._truncated_svd.TruncatedSVD,Agglomerative,df_recipes_no_stopwords.pkl
2023-06-21 17:43:12,10.2s,42a0f69dceb84256964ed7491dcfc17f,KMeans_{'n_clusters': 5}_steps,LOCAL,d:/BigDataBI-Workshop/src/modelling/run_modelling.py,niels,FINISHED,,lloyd,,,,True,,,k-means++,,,300,,,,,5,,10,,,,,,42,0.0001,0,24.02573447171549,4.588946154297478,0.043814705606676184,KMeans,sklearn.cluster._kmeans.KMeans,KMeans,df_recipes_no_stopwords.pkl
2023-06-21 17:43:02,9.9s,6efdce2988564b7b9f2d78d42e3696a5,KMeans_{'n_clusters': 4}_steps,LOCAL,d:/BigDataBI-Workshop/src/modelling/run_modelling.py,niels,FINISHED,,lloyd,,,,True,,,k-means++,,,300,,,,,4,,10,,,,,,42,0.0001,0,28.812154452727384,4.685943169294228,0.04181590897782746,KMeans,sklearn.cluster._kmeans.KMeans,KMeans,df_recipes_no_stopwords.pkl
2023-06-21 17:42:53,9.3s,6f37a9e6857d4193b9da98ca925141b2,KMeans_{'n_clusters': 3}_steps,LOCAL,d:/BigDataBI-Workshop/src/modelling/run_modelling.py,niels,FINISHED,,lloyd,,,,True,,,k-means++,,,300,,,,,3,,10,,,,,,42,0.0001,0,37.21234529745332,4.838500001012222,0.04113513919935256,KMeans,sklearn.cluster._kmeans.KMeans,KMeans,df_recipes_no_stopwords.pkl
2023-06-21 17:42:44,8.7s,ddf8b39285654bf1950c2a6b3a7fc2fc,KMeans_{'n_clusters': 2}_steps,LOCAL,d:/BigDataBI-Workshop/src/modelling/run_modelling.py,niels,FINISHED,,lloyd,,,,True,,,k-means++,,,300,,,,,2,,10,,,,,,42,0.0001,0,53.91591819281627,1.874798900054876,0.061303856163307927,KMeans,sklearn.cluster._kmeans.KMeans,KMeans,df_recipes_no_stopwords.pkl
2023-06-21 17:42:36,8.3s,1904d3403d274e889dd05598a5f105b0,"DBSCAN_{'eps': 1.0, 'min_samples': 20}_ingredients",LOCAL,d:/BigDataBI-Workshop/src/modelling/run_modelling.py,niels,FINISHED,,auto,,,,,,1.0,,30,,,,euclidean,None,20,,,,,None,,None,,,,,1.4443729509956156,22.299178215835497,0.002787828544759023,DBSCAN,sklearn.cluster._dbscan.DBSCAN,DBSCAN,df_recipes_no_stopwords.pkl
2023-06-21 17:42:27,8.4s,eb5dcf24cb0740aeb200936e61aaff74,"DBSCAN_{'eps': 1.0, 'min_samples': 10}_ingredients",LOCAL,d:/BigDataBI-Workshop/src/modelling/run_modelling.py,niels,FINISHED,,auto,,,,,,1.0,,30,,,,euclidean,None,10,,,,,None,,None,,,,,1.5799606254550134,17.90633570087957,0.0025112303877495275,DBSCAN,sklearn.cluster._dbscan.DBSCAN,DBSCAN,df_recipes_no_stopwords.pkl
2023-06-21 17:42:19,8.3s,051dd6adaabc4949804c0a039caf1265,"DBSCAN_{'eps': 1.0, 'min_samples': 5}_ingredients",LOCAL,d:/BigDataBI-Workshop/src/modelling/run_modelling.py,niels,FINISHED,,auto,,,,,,1.0,,30,,,,euclidean,None,5,,,,,None,,None,,,,,1.5245125252065985,17.929515296948097,0.0028208447647310522,DBSCAN,sklearn.cluster._dbscan.DBSCAN,DBSCAN,df_recipes_no_stopwords.pkl
2023-06-21 17:42:11,7.9s,f386064b42c74843a3057db2fc93577f,"DBSCAN_{'eps': 0.5, 'min_samples': 20}_ingredients",LOCAL,d:/BigDataBI-Workshop/src/modelling/run_modelling.py,niels,FINISHED,,auto,,,,,,0.5,,30,,,,euclidean,None,20,,,,,None,,None,,,,,26.839491617872866,0.9417533563607372,0.052178792105369534,DBSCAN,sklearn.cluster._dbscan.DBSCAN,DBSCAN,df_recipes_no_stopwords.pkl
2023-06-21 17:42:02,8.4s,8bb92134e33648609c529a65b28878c8,"DBSCAN_{'eps': 0.5, 'min_samples': 10}_ingredients",LOCAL,d:/BigDataBI-Workshop/src/modelling/run_modelling.py,niels,FINISHED,,auto,,,,,,0.5,,30,,,,euclidean,None,10,,,,,None,,None,,,,,26.839491617872866,0.9417533563607372,0.052178792105369534,DBSCAN,sklearn.cluster._dbscan.DBSCAN,DBSCAN,df_recipes_no_stopwords.pkl
2023-06-21 17:41:54,8.9s,b6b835bb30164b09bd88d7e858710c29,"DBSCAN_{'eps': 0.5, 'min_samples': 5}_ingredients",LOCAL,d:/BigDataBI-Workshop/src/modelling/run_modelling.py,niels,FINISHED,,auto,,,,,,0.5,,30,,,,euclidean,None,5,,,,,None,,None,,,,,11.424446785627367,2.492053707998099,-0.2228057679490571,DBSCAN,sklearn.cluster._dbscan.DBSCAN,DBSCAN,df_recipes_no_stopwords.pkl
2023-06-21 17:41:44,10.0s,ac412aa3bdc0475b82edac0001aeb997,Agglomerative_{'n_clusters': 5}_ingredients,LOCAL,d:/BigDataBI-Workshop/src/modelling/run_modelling.py,niels,FINISHED,deprecated,randomized,False,auto,None,,None,,,,ward,,None,None,,,5,2,,5,,10,,auto,None,0.0,,17.397456813637767,5.2015690265971335,0.03833805250502918,TruncatedSVD,sklearn.decomposition._truncated_svd.TruncatedSVD,Agglomerative,df_recipes_no_stopwords.pkl
2023-06-21 17:41:35,9.0s,0fa9f377ec4b4004878589a019f6c591,Agglomerative_{'n_clusters': 4}_ingredients,LOCAL,d:/BigDataBI-Workshop/src/modelling/run_modelling.py,niels,FINISHED,deprecated,randomized,False,auto,None,,None,,,,ward,,None,None,,,4,2,,5,,10,,auto,None,0.0,,19.52810457626689,5.499011284796617,0.04235212641038507,TruncatedSVD,sklearn.decomposition._truncated_svd.TruncatedSVD,Agglomerative,df_recipes_no_stopwords.pkl
2023-06-21 17:41:25,9.2s,96e808b2194e43bc8f0c247cc642d102,Agglomerative_{'n_clusters': 3}_ingredients,LOCAL,d:/BigDataBI-Workshop/src/modelling/run_modelling.py,niels,FINISHED,deprecated,randomized,False,auto,None,,None,,,,ward,,None,None,,,3,2,,5,,10,,auto,None,0.0,,23.60069671055376,5.227062232902619,0.041828381047093376,TruncatedSVD,sklearn.decomposition._truncated_svd.TruncatedSVD,Agglomerative,df_recipes_no_stopwords.pkl
2023-06-21 17:41:17,8.5s,41a41c3a5d73456695208407ab07f76c,Agglomerative_{'n_clusters': 2}_ingredients,LOCAL,d:/BigDataBI-Workshop/src/modelling/run_modelling.py,niels,FINISHED,deprecated,randomized,False,auto,None,,None,,,,ward,,None,None,,,2,2,,5,,10,,auto,None,0.0,,28.4665598063226,1.0912927021994392,0.05146507566761918,TruncatedSVD,sklearn.decomposition._truncated_svd.TruncatedSVD,Agglomerative,df_recipes_no_stopwords.pkl
2023-06-21 17:41:07,9.7s,972e26474cc24572990cd6a0578357e8,KMeans_{'n_clusters': 5}_ingredients,LOCAL,d:/BigDataBI-Workshop/src/modelling/run_modelling.py,niels,FINISHED,,lloyd,,,,True,,,k-means++,,,300,,,,,5,,10,,,,,,42,0.0001,0,21.088926493203374,4.742692208782317,0.04555611076353262,KMeans,sklearn.cluster._kmeans.KMeans,KMeans,df_recipes_no_stopwords.pkl
2023-06-21 17:40:58,9.3s,0e1aeceb4d0c4289bb1e95102448dd67,KMeans_{'n_clusters': 4}_ingredients,LOCAL,d:/BigDataBI-Workshop/src/modelling/run_modelling.py,niels,FINISHED,,lloyd,,,,True,,,k-means++,,,300,,,,,4,,10,,,,,,42,0.0001,0,22.93486887018828,4.940619593501067,0.03761308115247096,KMeans,sklearn.cluster._kmeans.KMeans,KMeans,df_recipes_no_stopwords.pkl
2023-06-21 17:40:49,8.5s,dc3ffca8ff5e48e7b2f66001a1c9a8f7,KMeans_{'n_clusters': 3}_ingredients,LOCAL,d:/BigDataBI-Workshop/src/modelling/run_modelling.py,niels,FINISHED,,lloyd,,,,True,,,k-means++,,,300,,,,,3,,10,,,,,,42,0.0001,0,27.424853921810424,4.555484132910007,0.047658498306167425,KMeans,sklearn.cluster._kmeans.KMeans,KMeans,df_recipes_no_stopwords.pkl
2023-06-21 17:40:39,9.9s,de6d1027e8444ed7ac2c92a5ed4bb77c,KMeans_{'n_clusters': 2}_ingredients,LOCAL,d:/BigDataBI-Workshop/src/modelling/run_modelling.py,niels,FINISHED,,lloyd,,,,True,,,k-means++,,,300,,,,,2,,10,,,,,,42,0.0001,0,28.69045589060824,1.2106923466241613,0.050809029241691464,KMeans,sklearn.cluster._kmeans.KMeans,KMeans,df_recipes_no_stopwords.pkl
