Start Time,Duration,Run ID,Name,Source Type,Source Name,User,Status,affinity,algorithm,compute_distances,compute_full_tree,connectivity,copy_x,distance_threshold,eps,init,leaf_size,linkage,max_iter,memory,metric,metric_params,min_samples,n_clusters,n_components,n_init,n_iter,n_jobs,n_oversamples,p,power_iteration_normalizer,random_state,tol,verbose,calinski_harabasz_score,davies_bouldin_score,silhouette_score,estimator_name,estimator_class,model_type,file_path,feature_combination
2023-07-01 02:37:53,4.8s,c939c3dabcf349abaef0c75fc6e1afbe,"DBSCAN_{'eps': 1.0, 'min_samples': 20}_ingredients+steps+description",LOCAL,/Users/nielssimmet/GitHub/BigDataBI-Workshop/src/modelling/run_modelling.py,nielssimmet,FINISHED,,auto,,,,,,1.0,,30,,,,euclidean,None,20,,,,,None,,None,,,,,9.260267599941214,2.1920913626857357,0.011193882127463856,DBSCAN,sklearn.cluster._dbscan.DBSCAN,DBSCAN,df_recipes.pkl,ingredients+steps+description
2023-07-01 02:37:47,5.8s,614d253281a140b5bf7aa42421a75514,"DBSCAN_{'eps': 1.0, 'min_samples': 10}_ingredients+steps+description",LOCAL,/Users/nielssimmet/GitHub/BigDataBI-Workshop/src/modelling/run_modelling.py,nielssimmet,FINISHED,,auto,,,,,,1.0,,30,,,,euclidean,None,10,,,,,None,,None,,,,,9.260267599941214,2.1920913626857357,0.011193882127463856,DBSCAN,sklearn.cluster._dbscan.DBSCAN,DBSCAN,df_recipes.pkl,ingredients+steps+description
2023-07-01 02:37:39,8.3s,68c5f874299e4805b187960bc0c8a94e,"DBSCAN_{'eps': 1.0, 'min_samples': 5}_ingredients+steps+description",LOCAL,/Users/nielssimmet/GitHub/BigDataBI-Workshop/src/modelling/run_modelling.py,nielssimmet,FINISHED,,auto,,,,,,1.0,,30,,,,euclidean,None,5,,,,,None,,None,,,,,4.628894059416036,2.306937002680091,-0.025158462598515625,DBSCAN,sklearn.cluster._dbscan.DBSCAN,DBSCAN,df_recipes.pkl,ingredients+steps+description
2023-07-01 02:37:34,4.9s,602a0e3aabbb417c8db0714f05338fea,"DBSCAN_{'eps': 0.5, 'min_samples': 20}_ingredients+steps+description",LOCAL,/Users/nielssimmet/GitHub/BigDataBI-Workshop/src/modelling/run_modelling.py,nielssimmet,FINISHED,,auto,,,,,,0.5,,30,,,,euclidean,None,20,,,,,None,,None,,,,,6.17697624470291,1.2658264411992273,0.031449998717462374,DBSCAN,sklearn.cluster._dbscan.DBSCAN,DBSCAN,df_recipes.pkl,ingredients+steps+description
2023-07-01 02:37:29,4.8s,f4aeb8b065d747499592782469ae0394,"DBSCAN_{'eps': 0.5, 'min_samples': 10}_ingredients+steps+description",LOCAL,/Users/nielssimmet/GitHub/BigDataBI-Workshop/src/modelling/run_modelling.py,nielssimmet,FINISHED,,auto,,,,,,0.5,,30,,,,euclidean,None,10,,,,,None,,None,,,,,6.17697624470291,1.2658264411992273,0.031449998717462374,DBSCAN,sklearn.cluster._dbscan.DBSCAN,DBSCAN,df_recipes.pkl,ingredients+steps+description
2023-07-01 02:37:24,5.4s,3794d898f5694416adcec1cb21c52ad0,"DBSCAN_{'eps': 0.5, 'min_samples': 5}_ingredients+steps+description",LOCAL,/Users/nielssimmet/GitHub/BigDataBI-Workshop/src/modelling/run_modelling.py,nielssimmet,FINISHED,,auto,,,,,,0.5,,30,,,,euclidean,None,5,,,,,None,,None,,,,,6.17697624470291,1.2658264411992273,0.031449998717462374,DBSCAN,sklearn.cluster._dbscan.DBSCAN,DBSCAN,df_recipes.pkl,ingredients+steps+description
2023-07-01 02:37:16,7.6s,e7ad28eaf9ef4a028e2f0a8067647dab,Agglomerative_{'n_clusters': 5}_ingredients+steps+description,LOCAL,/Users/nielssimmet/GitHub/BigDataBI-Workshop/src/modelling/run_modelling.py,nielssimmet,FINISHED,deprecated,randomized,False,auto,None,,None,,,,ward,,None,None,,,5,2,,5,,10,,auto,None,0.0,,11.337431591254587,4.855852842904058,0.014147550122945118,TruncatedSVD,sklearn.decomposition._truncated_svd.TruncatedSVD,Agglomerative,df_recipes.pkl,ingredients+steps+description
2023-07-01 02:37:09,7.1s,f964b9b6a6d343088642a27ddfd46c49,Agglomerative_{'n_clusters': 4}_ingredients+steps+description,LOCAL,/Users/nielssimmet/GitHub/BigDataBI-Workshop/src/modelling/run_modelling.py,nielssimmet,FINISHED,deprecated,randomized,False,auto,None,,None,,,,ward,,None,None,,,4,2,,5,,10,,auto,None,0.0,,12.198156855091288,4.8942825408539194,0.018294679080223853,TruncatedSVD,sklearn.decomposition._truncated_svd.TruncatedSVD,Agglomerative,df_recipes.pkl,ingredients+steps+description
2023-07-01 02:37:02,7.1s,7c04b95ce3f54c88bb14665cc735edd0,Agglomerative_{'n_clusters': 3}_ingredients+steps+description,LOCAL,/Users/nielssimmet/GitHub/BigDataBI-Workshop/src/modelling/run_modelling.py,nielssimmet,FINISHED,deprecated,randomized,False,auto,None,,None,,,,ward,,None,None,,,3,2,,5,,10,,auto,None,0.0,,13.719877603249287,4.976893323799479,0.02727169793191061,TruncatedSVD,sklearn.decomposition._truncated_svd.TruncatedSVD,Agglomerative,df_recipes.pkl,ingredients+steps+description
2023-07-01 02:36:56,6.4s,a47596dcdb1e44fabde28e003025b03c,Agglomerative_{'n_clusters': 2}_ingredients+steps+description,LOCAL,/Users/nielssimmet/GitHub/BigDataBI-Workshop/src/modelling/run_modelling.py,nielssimmet,FINISHED,deprecated,randomized,False,auto,None,,None,,,,ward,,None,None,,,2,2,,5,,10,,auto,None,0.0,,16.09755259120195,6.743467258364869,0.02116646983102305,TruncatedSVD,sklearn.decomposition._truncated_svd.TruncatedSVD,Agglomerative,df_recipes.pkl,ingredients+steps+description
2023-07-01 02:36:50,6.0s,e35bdbd96abc44efa6f76ecbff9b5e07,KMeans_{'n_clusters': 5}_ingredients+steps+description,LOCAL,/Users/nielssimmet/GitHub/BigDataBI-Workshop/src/modelling/run_modelling.py,nielssimmet,FINISHED,,lloyd,,,,True,,,k-means++,,,300,,,,,5,,10,,,,,,42,0.0001,0,14.20457320976789,4.708679535823992,0.02791245537352236,KMeans,sklearn.cluster._kmeans.KMeans,KMeans,df_recipes.pkl,ingredients+steps+description
2023-07-01 02:36:44,5.6s,671901ac8e5d497a813dc650ab2daa2c,KMeans_{'n_clusters': 4}_ingredients+steps+description,LOCAL,/Users/nielssimmet/GitHub/BigDataBI-Workshop/src/modelling/run_modelling.py,nielssimmet,FINISHED,,lloyd,,,,True,,,k-means++,,,300,,,,,4,,10,,,,,,42,0.0001,0,14.305721961411852,6.519639962878283,0.01710771352300446,KMeans,sklearn.cluster._kmeans.KMeans,KMeans,df_recipes.pkl,ingredients+steps+description
2023-07-01 02:36:39,5.2s,7ac2294a70d8468bb5f2e5651052771b,KMeans_{'n_clusters': 3}_ingredients+steps+description,LOCAL,/Users/nielssimmet/GitHub/BigDataBI-Workshop/src/modelling/run_modelling.py,nielssimmet,FINISHED,,lloyd,,,,True,,,k-means++,,,300,,,,,3,,10,,,,,,42,0.0001,0,16.680640494195572,5.711562054134016,0.016967507204959657,KMeans,sklearn.cluster._kmeans.KMeans,KMeans,df_recipes.pkl,ingredients+steps+description
2023-07-01 02:36:34,5.1s,872fb939ed084dddaba921fcdda96883,KMeans_{'n_clusters': 2}_ingredients+steps+description,LOCAL,/Users/nielssimmet/GitHub/BigDataBI-Workshop/src/modelling/run_modelling.py,nielssimmet,FINISHED,,lloyd,,,,True,,,k-means++,,,300,,,,,2,,10,,,,,,42,0.0001,0,18.03896714687281,6.318055898519209,0.023901295891125492,KMeans,sklearn.cluster._kmeans.KMeans,KMeans,df_recipes.pkl,ingredients+steps+description
2023-07-01 02:36:29,4.6s,cd7f8f171bc9443d83afed16b0dda91d,"DBSCAN_{'eps': 1.0, 'min_samples': 20}_steps+description",LOCAL,/Users/nielssimmet/GitHub/BigDataBI-Workshop/src/modelling/run_modelling.py,nielssimmet,FINISHED,,auto,,,,,,1.0,,30,,,,euclidean,None,20,,,,,None,,None,,,,,8.071627381881703,2.376338039054414,0.007069339338582742,DBSCAN,sklearn.cluster._dbscan.DBSCAN,DBSCAN,df_recipes.pkl,steps+description
2023-07-01 02:36:24,5.3s,7e88646f84024ffd9ccb6c7145b60c19,"DBSCAN_{'eps': 1.0, 'min_samples': 10}_steps+description",LOCAL,/Users/nielssimmet/GitHub/BigDataBI-Workshop/src/modelling/run_modelling.py,nielssimmet,FINISHED,,auto,,,,,,1.0,,30,,,,euclidean,None,10,,,,,None,,None,,,,,8.071627381881703,2.376338039054414,0.007069339338582742,DBSCAN,sklearn.cluster._dbscan.DBSCAN,DBSCAN,df_recipes.pkl,steps+description
2023-07-01 02:36:16,8.2s,e951970a366c48d7943780b5dc2e4aa5,"DBSCAN_{'eps': 1.0, 'min_samples': 5}_steps+description",LOCAL,/Users/nielssimmet/GitHub/BigDataBI-Workshop/src/modelling/run_modelling.py,nielssimmet,FINISHED,,auto,,,,,,1.0,,30,,,,euclidean,None,5,,,,,None,,None,,,,,4.0414551254864115,2.342242616812613,-0.029613603256766007,DBSCAN,sklearn.cluster._dbscan.DBSCAN,DBSCAN,df_recipes.pkl,steps+description
2023-07-01 02:36:11,4.7s,43373e4abd2845a599971b52924d7f60,"DBSCAN_{'eps': 0.5, 'min_samples': 20}_steps+description",LOCAL,/Users/nielssimmet/GitHub/BigDataBI-Workshop/src/modelling/run_modelling.py,nielssimmet,FINISHED,,auto,,,,,,0.5,,30,,,,euclidean,None,20,,,,,None,,None,,,,,9.22918780958375,5.54566222654047,0.002473637760942512,DBSCAN,sklearn.cluster._dbscan.DBSCAN,DBSCAN,df_recipes.pkl,steps+description
2023-07-01 02:36:06,4.6s,df1efd17fc5e4a29953ece22cd6f451d,"DBSCAN_{'eps': 0.5, 'min_samples': 10}_steps+description",LOCAL,/Users/nielssimmet/GitHub/BigDataBI-Workshop/src/modelling/run_modelling.py,nielssimmet,FINISHED,,auto,,,,,,0.5,,30,,,,euclidean,None,10,,,,,None,,None,,,,,9.22918780958375,5.54566222654047,0.002473637760942512,DBSCAN,sklearn.cluster._dbscan.DBSCAN,DBSCAN,df_recipes.pkl,steps+description
2023-07-01 02:36:02,4.7s,cabb42a6c9d14128ba162b53f5e3cbc0,"DBSCAN_{'eps': 0.5, 'min_samples': 5}_steps+description",LOCAL,/Users/nielssimmet/GitHub/BigDataBI-Workshop/src/modelling/run_modelling.py,nielssimmet,FINISHED,,auto,,,,,,0.5,,30,,,,euclidean,None,5,,,,,None,,None,,,,,9.22918780958375,5.54566222654047,0.002473637760942512,DBSCAN,sklearn.cluster._dbscan.DBSCAN,DBSCAN,df_recipes.pkl,steps+description
2023-07-01 02:35:54,7.6s,a158eea0f172445cbc42530aca5f11b1,Agglomerative_{'n_clusters': 5}_steps+description,LOCAL,/Users/nielssimmet/GitHub/BigDataBI-Workshop/src/modelling/run_modelling.py,nielssimmet,FINISHED,deprecated,randomized,False,auto,None,,None,,,,ward,,None,None,,,5,2,,5,,10,,auto,None,0.0,,9.22918780958375,5.54566222654047,0.002473637760942512,TruncatedSVD,sklearn.decomposition._truncated_svd.TruncatedSVD,Agglomerative,df_recipes.pkl,steps+description
2023-07-01 02:35:46,8.0s,73e163f1dc6849079ef1ce07cae4cd04,Agglomerative_{'n_clusters': 4}_steps+description,LOCAL,/Users/nielssimmet/GitHub/BigDataBI-Workshop/src/modelling/run_modelling.py,nielssimmet,FINISHED,deprecated,randomized,False,auto,None,,None,,,,ward,,None,None,,,4,2,,5,,10,,auto,None,0.0,,9.749029328617222,6.0909503791998265,0.003472892296188194,TruncatedSVD,sklearn.decomposition._truncated_svd.TruncatedSVD,Agglomerative,df_recipes.pkl,steps+description
2023-07-01 02:35:38,8.4s,8b8499ce3c5143a7afd0ede355e719da,Agglomerative_{'n_clusters': 3}_steps+description,LOCAL,/Users/nielssimmet/GitHub/BigDataBI-Workshop/src/modelling/run_modelling.py,nielssimmet,FINISHED,deprecated,randomized,False,auto,None,,None,,,,ward,,None,None,,,3,2,,5,,10,,auto,None,0.0,,10.73144327965902,7.047528215436292,0.005614601521363201,TruncatedSVD,sklearn.decomposition._truncated_svd.TruncatedSVD,Agglomerative,df_recipes.pkl,steps+description
2023-07-01 02:35:30,7.2s,7beac7272c7e4e67b27eafe21a1f9c3d,Agglomerative_{'n_clusters': 2}_steps+description,LOCAL,/Users/nielssimmet/GitHub/BigDataBI-Workshop/src/modelling/run_modelling.py,nielssimmet,FINISHED,deprecated,randomized,False,auto,None,,None,,,,ward,,None,None,,,2,2,,5,,10,,auto,None,0.0,,10.972054266013881,4.010473324981562,0.0015110764947573394,TruncatedSVD,sklearn.decomposition._truncated_svd.TruncatedSVD,Agglomerative,df_recipes.pkl,steps+description
2023-07-01 02:35:23,7.4s,fc6d7bfb257346a5a3a0e70f0d7502e0,KMeans_{'n_clusters': 5}_steps+description,LOCAL,/Users/nielssimmet/GitHub/BigDataBI-Workshop/src/modelling/run_modelling.py,nielssimmet,FINISHED,,lloyd,,,,True,,,k-means++,,,300,,,,,5,,10,,,,,,42,0.0001,0,12.47982180504694,6.218282638030461,0.020173479558397493,KMeans,sklearn.cluster._kmeans.KMeans,KMeans,df_recipes.pkl,steps+description
2023-07-01 02:35:16,7.2s,26dc775c6ba9405d9cc080dd328cf9bb,KMeans_{'n_clusters': 4}_steps+description,LOCAL,/Users/nielssimmet/GitHub/BigDataBI-Workshop/src/modelling/run_modelling.py,nielssimmet,FINISHED,,lloyd,,,,True,,,k-means++,,,300,,,,,4,,10,,,,,,42,0.0001,0,13.501677453272523,5.963737133998858,0.01956876370572521,KMeans,sklearn.cluster._kmeans.KMeans,KMeans,df_recipes.pkl,steps+description
2023-07-01 02:35:09,6.9s,e8446a94756d483cb63fbdddeb0f4fda,KMeans_{'n_clusters': 3}_steps+description,LOCAL,/Users/nielssimmet/GitHub/BigDataBI-Workshop/src/modelling/run_modelling.py,nielssimmet,FINISHED,,lloyd,,,,True,,,k-means++,,,300,,,,,3,,10,,,,,,42,0.0001,0,15.154566398672277,6.429879081836133,0.015359686245320437,KMeans,sklearn.cluster._kmeans.KMeans,KMeans,df_recipes.pkl,steps+description
2023-07-01 02:35:03,5.7s,e97ebf72b9f34f168d3d06459d9676f0,KMeans_{'n_clusters': 2}_steps+description,LOCAL,/Users/nielssimmet/GitHub/BigDataBI-Workshop/src/modelling/run_modelling.py,nielssimmet,FINISHED,,lloyd,,,,True,,,k-means++,,,300,,,,,2,,10,,,,,,42,0.0001,0,14.834120890098056,7.499869848679965,0.013181328099676547,KMeans,sklearn.cluster._kmeans.KMeans,KMeans,df_recipes.pkl,steps+description
2023-07-01 02:34:58,5.5s,4f8a716789f34d27b3dcc8a3cd502bfe,"DBSCAN_{'eps': 1.0, 'min_samples': 20}_ingredients+description",LOCAL,/Users/nielssimmet/GitHub/BigDataBI-Workshop/src/modelling/run_modelling.py,nielssimmet,FINISHED,,auto,,,,,,1.0,,30,,,,euclidean,None,20,,,,,None,,None,,,,,9.239924210340128,2.224832436782342,-0.007626104494024429,DBSCAN,sklearn.cluster._dbscan.DBSCAN,DBSCAN,df_recipes.pkl,ingredients+description
2023-07-01 02:34:52,6.1s,7b1499bfc9fd4291b5691c51f5398597,"DBSCAN_{'eps': 1.0, 'min_samples': 10}_ingredients+description",LOCAL,/Users/nielssimmet/GitHub/BigDataBI-Workshop/src/modelling/run_modelling.py,nielssimmet,FINISHED,,auto,,,,,,1.0,,30,,,,euclidean,None,10,,,,,None,,None,,,,,9.239924210340128,2.224832436782342,-0.007626104494024429,DBSCAN,sklearn.cluster._dbscan.DBSCAN,DBSCAN,df_recipes.pkl,ingredients+description
2023-07-01 02:34:45,6.4s,b1f9e1d79f154e8ca9570931bcd565d4,"DBSCAN_{'eps': 1.0, 'min_samples': 5}_ingredients+description",LOCAL,/Users/nielssimmet/GitHub/BigDataBI-Workshop/src/modelling/run_modelling.py,nielssimmet,FINISHED,,auto,,,,,,1.0,,30,,,,euclidean,None,5,,,,,None,,None,,,,,7.627513144364289,2.420920647009381,-0.003761279610345016,DBSCAN,sklearn.cluster._dbscan.DBSCAN,DBSCAN,df_recipes.pkl,ingredients+description
2023-07-01 02:34:39,5.7s,cce9803c17ce4c7991348e0e353829f9,"DBSCAN_{'eps': 0.5, 'min_samples': 20}_ingredients+description",LOCAL,/Users/nielssimmet/GitHub/BigDataBI-Workshop/src/modelling/run_modelling.py,nielssimmet,FINISHED,,auto,,,,,,0.5,,30,,,,euclidean,None,20,,,,,None,,None,,,,,10.821573104211012,1.1346410177821549,0.037665831521772594,DBSCAN,sklearn.cluster._dbscan.DBSCAN,DBSCAN,df_recipes.pkl,ingredients+description
2023-07-01 02:34:34,5.6s,a88f03af1d654217bfc97d04a4a382ad,"DBSCAN_{'eps': 0.5, 'min_samples': 10}_ingredients+description",LOCAL,/Users/nielssimmet/GitHub/BigDataBI-Workshop/src/modelling/run_modelling.py,nielssimmet,FINISHED,,auto,,,,,,0.5,,30,,,,euclidean,None,10,,,,,None,,None,,,,,10.821573104211012,1.1346410177821549,0.037665831521772594,DBSCAN,sklearn.cluster._dbscan.DBSCAN,DBSCAN,df_recipes.pkl,ingredients+description
2023-07-01 02:34:28,5.6s,938c99447d6146b7826ec4a83efa00fd,"DBSCAN_{'eps': 0.5, 'min_samples': 5}_ingredients+description",LOCAL,/Users/nielssimmet/GitHub/BigDataBI-Workshop/src/modelling/run_modelling.py,nielssimmet,FINISHED,,auto,,,,,,0.5,,30,,,,euclidean,None,5,,,,,None,,None,,,,,10.821573104211012,1.1346410177821549,0.037665831521772594,DBSCAN,sklearn.cluster._dbscan.DBSCAN,DBSCAN,df_recipes.pkl,ingredients+description
2023-07-01 02:34:20,8.2s,f8eafeea6a5b4ad3a94d9223b09fea36,Agglomerative_{'n_clusters': 5}_ingredients+description,LOCAL,/Users/nielssimmet/GitHub/BigDataBI-Workshop/src/modelling/run_modelling.py,nielssimmet,FINISHED,deprecated,randomized,False,auto,None,,None,,,,ward,,None,None,,,5,2,,5,,10,,auto,None,0.0,,10.358293782226275,5.941293455537131,0.00940118056335158,TruncatedSVD,sklearn.decomposition._truncated_svd.TruncatedSVD,Agglomerative,df_recipes.pkl,ingredients+description
2023-07-01 02:34:12,7.7s,4484ed83a90a45db806e1fef2f057355,Agglomerative_{'n_clusters': 4}_ingredients+description,LOCAL,/Users/nielssimmet/GitHub/BigDataBI-Workshop/src/modelling/run_modelling.py,nielssimmet,FINISHED,deprecated,randomized,False,auto,None,,None,,,,ward,,None,None,,,4,2,,5,,10,,auto,None,0.0,,11.522555668860484,6.171369443283294,0.015000041955084234,TruncatedSVD,sklearn.decomposition._truncated_svd.TruncatedSVD,Agglomerative,df_recipes.pkl,ingredients+description
2023-07-01 02:34:04,8.0s,d946de117f2644bcbd80fcf581e7ea7b,Agglomerative_{'n_clusters': 3}_ingredients+description,LOCAL,/Users/nielssimmet/GitHub/BigDataBI-Workshop/src/modelling/run_modelling.py,nielssimmet,FINISHED,deprecated,randomized,False,auto,None,,None,,,,ward,,None,None,,,3,2,,5,,10,,auto,None,0.0,,13.513777777476074,5.321615580017296,0.025883653861681413,TruncatedSVD,sklearn.decomposition._truncated_svd.TruncatedSVD,Agglomerative,df_recipes.pkl,ingredients+description
2023-07-01 02:33:56,7.7s,a9de374d4a7d4f3c90cb88f9bd1a3e1b,Agglomerative_{'n_clusters': 2}_ingredients+description,LOCAL,/Users/nielssimmet/GitHub/BigDataBI-Workshop/src/modelling/run_modelling.py,nielssimmet,FINISHED,deprecated,randomized,False,auto,None,,None,,,,ward,,None,None,,,2,2,,5,,10,,auto,None,0.0,,13.511870202868241,7.384580658453151,0.017547131648324436,TruncatedSVD,sklearn.decomposition._truncated_svd.TruncatedSVD,Agglomerative,df_recipes.pkl,ingredients+description
2023-07-01 02:33:49,7.5s,f2fc44da3c434b7788fa9a6ab8833e63,KMeans_{'n_clusters': 5}_ingredients+description,LOCAL,/Users/nielssimmet/GitHub/BigDataBI-Workshop/src/modelling/run_modelling.py,nielssimmet,FINISHED,,lloyd,,,,True,,,k-means++,,,300,,,,,5,,10,,,,,,42,0.0001,0,12.228133939396978,5.867237310239823,0.020783192341429065,KMeans,sklearn.cluster._kmeans.KMeans,KMeans,df_recipes.pkl,ingredients+description
2023-07-01 02:28:23,5.4min,769808bf0d594e468734300de6d59146,KMeans_{'n_clusters': 4}_ingredients+description,LOCAL,/Users/nielssimmet/GitHub/BigDataBI-Workshop/src/modelling/run_modelling.py,nielssimmet,FINISHED,,lloyd,,,,True,,,k-means++,,,300,,,,,4,,10,,,,,,42,0.0001,0,13.638497235456423,5.6091704330002585,0.021625343673644357,KMeans,sklearn.cluster._kmeans.KMeans,KMeans,df_recipes.pkl,ingredients+description
2023-07-01 02:28:17,6.5s,7f31e50e43d548e2b832224a76db2510,KMeans_{'n_clusters': 3}_ingredients+description,LOCAL,/Users/nielssimmet/GitHub/BigDataBI-Workshop/src/modelling/run_modelling.py,nielssimmet,FINISHED,,lloyd,,,,True,,,k-means++,,,300,,,,,3,,10,,,,,,42,0.0001,0,13.517783276303145,7.145367316087061,0.013608528089382472,KMeans,sklearn.cluster._kmeans.KMeans,KMeans,df_recipes.pkl,ingredients+description
2023-07-01 02:28:11,5.6s,a1a2e0ef3812449ea5582ff15fb3aef8,KMeans_{'n_clusters': 2}_ingredients+description,LOCAL,/Users/nielssimmet/GitHub/BigDataBI-Workshop/src/modelling/run_modelling.py,nielssimmet,FINISHED,,lloyd,,,,True,,,k-means++,,,300,,,,,2,,10,,,,,,42,0.0001,0,16.242904453492336,6.522235921121228,0.02195930668425973,KMeans,sklearn.cluster._kmeans.KMeans,KMeans,df_recipes.pkl,ingredients+description
2023-07-01 02:28:06,5.3s,1ec067ec34394adea6d010aca774a227,"DBSCAN_{'eps': 1.0, 'min_samples': 20}_ingredients+steps",LOCAL,/Users/nielssimmet/GitHub/BigDataBI-Workshop/src/modelling/run_modelling.py,nielssimmet,FINISHED,,auto,,,,,,1.0,,30,,,,euclidean,None,20,,,,,None,,None,,,,,10.110215496330904,2.1376958956763477,0.012563437636416595,DBSCAN,sklearn.cluster._dbscan.DBSCAN,DBSCAN,df_recipes.pkl,ingredients+steps
2023-07-01 02:27:59,6.7s,a346f34fedb346b0976dc655753dfc91,"DBSCAN_{'eps': 1.0, 'min_samples': 10}_ingredients+steps",LOCAL,/Users/nielssimmet/GitHub/BigDataBI-Workshop/src/modelling/run_modelling.py,nielssimmet,FINISHED,,auto,,,,,,1.0,,30,,,,euclidean,None,10,,,,,None,,None,,,,,10.110215496330904,2.1376958956763477,0.012563437636416595,DBSCAN,sklearn.cluster._dbscan.DBSCAN,DBSCAN,df_recipes.pkl,ingredients+steps
2023-07-01 02:27:48,10.3s,1763515e2cd6441a9dd56019829dbd01,"DBSCAN_{'eps': 1.0, 'min_samples': 5}_ingredients+steps",LOCAL,/Users/nielssimmet/GitHub/BigDataBI-Workshop/src/modelling/run_modelling.py,nielssimmet,FINISHED,,auto,,,,,,1.0,,30,,,,euclidean,None,5,,,,,None,,None,,,,,4.467869879890802,2.3894001365844453,-0.02955990385718151,DBSCAN,sklearn.cluster._dbscan.DBSCAN,DBSCAN,df_recipes.pkl,ingredients+steps
2023-07-01 02:27:43,5.3s,8329200e5e1042bd9abb0cdf9419656d,"DBSCAN_{'eps': 0.5, 'min_samples': 20}_ingredients+steps",LOCAL,/Users/nielssimmet/GitHub/BigDataBI-Workshop/src/modelling/run_modelling.py,nielssimmet,FINISHED,,auto,,,,,,0.5,,30,,,,euclidean,None,20,,,,,None,,None,,,,,7.476895197010791,1.1989314970756313,0.03681471965306809,DBSCAN,sklearn.cluster._dbscan.DBSCAN,DBSCAN,df_recipes.pkl,ingredients+steps
2023-07-01 02:27:38,5.6s,0c1fc1b62960499597aa2da5afbc5b40,"DBSCAN_{'eps': 0.5, 'min_samples': 10}_ingredients+steps",LOCAL,/Users/nielssimmet/GitHub/BigDataBI-Workshop/src/modelling/run_modelling.py,nielssimmet,FINISHED,,auto,,,,,,0.5,,30,,,,euclidean,None,10,,,,,None,,None,,,,,7.476895197010791,1.1989314970756313,0.03681471965306809,DBSCAN,sklearn.cluster._dbscan.DBSCAN,DBSCAN,df_recipes.pkl,ingredients+steps
2023-07-01 02:27:32,6.0s,df0406f84e914ba4ba8785b733c86fd5,"DBSCAN_{'eps': 0.5, 'min_samples': 5}_ingredients+steps",LOCAL,/Users/nielssimmet/GitHub/BigDataBI-Workshop/src/modelling/run_modelling.py,nielssimmet,FINISHED,,auto,,,,,,0.5,,30,,,,euclidean,None,5,,,,,None,,None,,,,,7.476895197010791,1.1989314970756313,0.03681471965306809,DBSCAN,sklearn.cluster._dbscan.DBSCAN,DBSCAN,df_recipes.pkl,ingredients+steps
2023-07-01 02:27:22,9.7s,12460da403b54a4a85832ef920142350,Agglomerative_{'n_clusters': 5}_ingredients+steps,LOCAL,/Users/nielssimmet/GitHub/BigDataBI-Workshop/src/modelling/run_modelling.py,nielssimmet,FINISHED,deprecated,randomized,False,auto,None,,None,,,,ward,,None,None,,,5,2,,5,,10,,auto,None,0.0,,11.27274569981397,4.4713576976247005,0.013268786623340943,TruncatedSVD,sklearn.decomposition._truncated_svd.TruncatedSVD,Agglomerative,df_recipes.pkl,ingredients+steps
2023-07-01 02:27:12,9.4s,8e4c7a20d1c147f9a4cdb6312994c80d,Agglomerative_{'n_clusters': 4}_ingredients+steps,LOCAL,/Users/nielssimmet/GitHub/BigDataBI-Workshop/src/modelling/run_modelling.py,nielssimmet,FINISHED,deprecated,randomized,False,auto,None,,None,,,,ward,,None,None,,,4,2,,5,,10,,auto,None,0.0,,12.532270826780751,4.63851991006085,0.013922678813527578,TruncatedSVD,sklearn.decomposition._truncated_svd.TruncatedSVD,Agglomerative,df_recipes.pkl,ingredients+steps
2023-07-01 02:27:04,8.6s,7bb114ece94345218c562c56c8e7e7c2,Agglomerative_{'n_clusters': 3}_ingredients+steps,LOCAL,/Users/nielssimmet/GitHub/BigDataBI-Workshop/src/modelling/run_modelling.py,nielssimmet,FINISHED,deprecated,randomized,False,auto,None,,None,,,,ward,,None,None,,,3,2,,5,,10,,auto,None,0.0,,14.50539893489773,4.654075544624203,0.028056243218914034,TruncatedSVD,sklearn.decomposition._truncated_svd.TruncatedSVD,Agglomerative,df_recipes.pkl,ingredients+steps
2023-07-01 02:26:57,6.3s,5f38563ba2274efdad5015a92a8b1d37,Agglomerative_{'n_clusters': 2}_ingredients+steps,LOCAL,/Users/nielssimmet/GitHub/BigDataBI-Workshop/src/modelling/run_modelling.py,nielssimmet,FINISHED,deprecated,randomized,False,auto,None,,None,,,,ward,,None,None,,,2,2,,5,,10,,auto,None,0.0,,15.84267575999568,6.392843038611489,0.02109126264042313,TruncatedSVD,sklearn.decomposition._truncated_svd.TruncatedSVD,Agglomerative,df_recipes.pkl,ingredients+steps
2023-07-01 02:26:51,6.0s,bf6993518e0b432c9012ab2bc724ac31,KMeans_{'n_clusters': 5}_ingredients+steps,LOCAL,/Users/nielssimmet/GitHub/BigDataBI-Workshop/src/modelling/run_modelling.py,nielssimmet,FINISHED,,lloyd,,,,True,,,k-means++,,,300,,,,,5,,10,,,,,,42,0.0001,0,14.086336171194848,5.42009456258105,0.026149249180404278,KMeans,sklearn.cluster._kmeans.KMeans,KMeans,df_recipes.pkl,ingredients+steps
2023-07-01 02:26:46,5.5s,e5ad9a6581284b7ca48d59ec4700403e,KMeans_{'n_clusters': 4}_ingredients+steps,LOCAL,/Users/nielssimmet/GitHub/BigDataBI-Workshop/src/modelling/run_modelling.py,nielssimmet,FINISHED,,lloyd,,,,True,,,k-means++,,,300,,,,,4,,10,,,,,,42,0.0001,0,14.195957680418001,5.445982648409952,0.018311916708853265,KMeans,sklearn.cluster._kmeans.KMeans,KMeans,df_recipes.pkl,ingredients+steps
2023-07-01 02:26:40,5.4s,0e0526693cd946d898c2c9f9d59d1a38,KMeans_{'n_clusters': 3}_ingredients+steps,LOCAL,/Users/nielssimmet/GitHub/BigDataBI-Workshop/src/modelling/run_modelling.py,nielssimmet,FINISHED,,lloyd,,,,True,,,k-means++,,,300,,,,,3,,10,,,,,,42,0.0001,0,16.46112479914058,5.8292763553489655,0.016137278062744672,KMeans,sklearn.cluster._kmeans.KMeans,KMeans,df_recipes.pkl,ingredients+steps
2023-07-01 02:26:35,5.4s,d3dd30c9d9af456b9cc5159d97d48a5a,KMeans_{'n_clusters': 2}_ingredients+steps,LOCAL,/Users/nielssimmet/GitHub/BigDataBI-Workshop/src/modelling/run_modelling.py,nielssimmet,FINISHED,,lloyd,,,,True,,,k-means++,,,300,,,,,2,,10,,,,,,42,0.0001,0,18.6757927629361,6.423223144653663,0.024518298430626483,KMeans,sklearn.cluster._kmeans.KMeans,KMeans,df_recipes.pkl,ingredients+steps
2023-07-01 02:26:30,4.9s,cfac7aec601040b9b3f69cd746b2118b,"DBSCAN_{'eps': 1.0, 'min_samples': 20}_description",LOCAL,/Users/nielssimmet/GitHub/BigDataBI-Workshop/src/modelling/run_modelling.py,nielssimmet,FINISHED,,auto,,,,,,1.0,,30,,,,euclidean,None,20,,,,,None,,None,,,,,1.1586533317029202,26.02653480182778,0.00048629816271601614,DBSCAN,sklearn.cluster._dbscan.DBSCAN,DBSCAN,df_recipes.pkl,description
2023-07-01 02:26:25,4.9s,ae03731898ee4ffb9f1f121dffa1eed6,"DBSCAN_{'eps': 1.0, 'min_samples': 10}_description",LOCAL,/Users/nielssimmet/GitHub/BigDataBI-Workshop/src/modelling/run_modelling.py,nielssimmet,FINISHED,,auto,,,,,,1.0,,30,,,,euclidean,None,10,,,,,None,,None,,,,,1.151693196873263,26.038741628415007,0.0004907221581939004,DBSCAN,sklearn.cluster._dbscan.DBSCAN,DBSCAN,df_recipes.pkl,description
2023-07-01 02:26:20,4.8s,d55861f51f9447b6b40990e74b1635e5,"DBSCAN_{'eps': 1.0, 'min_samples': 5}_description",LOCAL,/Users/nielssimmet/GitHub/BigDataBI-Workshop/src/modelling/run_modelling.py,nielssimmet,FINISHED,,auto,,,,,,1.0,,30,,,,euclidean,None,5,,,,,None,,None,,,,,1.1994629436364395,25.31298305499687,0.0006744023530743732,DBSCAN,sklearn.cluster._dbscan.DBSCAN,DBSCAN,df_recipes.pkl,description
2023-07-01 02:26:16,4.6s,d98bbe8889744421bea60763d8d0f250,"DBSCAN_{'eps': 0.5, 'min_samples': 20}_description",LOCAL,/Users/nielssimmet/GitHub/BigDataBI-Workshop/src/modelling/run_modelling.py,nielssimmet,FINISHED,,auto,,,,,,0.5,,30,,,,euclidean,None,20,,,,,None,,None,,,,,6.324342161869534,6.505693578724896,0.005733450085799823,DBSCAN,sklearn.cluster._dbscan.DBSCAN,DBSCAN,df_recipes.pkl,description
2023-07-01 02:26:12,4.2s,f71db5b449f745d9b072c6285656335e,"DBSCAN_{'eps': 0.5, 'min_samples': 10}_description",LOCAL,/Users/nielssimmet/GitHub/BigDataBI-Workshop/src/modelling/run_modelling.py,nielssimmet,FINISHED,,auto,,,,,,0.5,,30,,,,euclidean,None,10,,,,,None,,None,,,,,6.324342161869534,6.505693578724896,0.005733450085799823,DBSCAN,sklearn.cluster._dbscan.DBSCAN,DBSCAN,df_recipes.pkl,description
2023-07-01 02:26:07,4.2s,f7059b7902fa44048ce40433cca8ca17,"DBSCAN_{'eps': 0.5, 'min_samples': 5}_description",LOCAL,/Users/nielssimmet/GitHub/BigDataBI-Workshop/src/modelling/run_modelling.py,nielssimmet,FINISHED,,auto,,,,,,0.5,,30,,,,euclidean,None,5,,,,,None,,None,,,,,6.324342161869534,6.505693578724896,0.005733450085799823,DBSCAN,sklearn.cluster._dbscan.DBSCAN,DBSCAN,df_recipes.pkl,description
2023-07-01 02:26:00,7.5s,9d4a2859f15d41a08d331be067826fd3,Agglomerative_{'n_clusters': 5}_description,LOCAL,/Users/nielssimmet/GitHub/BigDataBI-Workshop/src/modelling/run_modelling.py,nielssimmet,FINISHED,deprecated,randomized,False,auto,None,,None,,,,ward,,None,None,,,5,2,,5,,10,,auto,None,0.0,,6.324342161869534,6.505693578724896,0.005733450085799823,TruncatedSVD,sklearn.decomposition._truncated_svd.TruncatedSVD,Agglomerative,df_recipes.pkl,description
2023-07-01 02:25:53,6.5s,37072a04bca44169ab97f5c3f4d2412b,Agglomerative_{'n_clusters': 4}_description,LOCAL,/Users/nielssimmet/GitHub/BigDataBI-Workshop/src/modelling/run_modelling.py,nielssimmet,FINISHED,deprecated,randomized,False,auto,None,,None,,,,ward,,None,None,,,4,2,,5,,10,,auto,None,0.0,,6.850333472848552,7.3417500425278845,0.003947403459542073,TruncatedSVD,sklearn.decomposition._truncated_svd.TruncatedSVD,Agglomerative,df_recipes.pkl,description
2023-07-01 02:25:47,6.6s,133147872b6f495680c5cf03c188199a,Agglomerative_{'n_clusters': 3}_description,LOCAL,/Users/nielssimmet/GitHub/BigDataBI-Workshop/src/modelling/run_modelling.py,nielssimmet,FINISHED,deprecated,randomized,False,auto,None,,None,,,,ward,,None,None,,,3,2,,5,,10,,auto,None,0.0,,7.457187467252798,8.099805254986224,0.006475444401281984,TruncatedSVD,sklearn.decomposition._truncated_svd.TruncatedSVD,Agglomerative,df_recipes.pkl,description
2023-07-01 02:25:40,6.3s,0e947abb714f484cafa0ada3133ed63f,Agglomerative_{'n_clusters': 2}_description,LOCAL,/Users/nielssimmet/GitHub/BigDataBI-Workshop/src/modelling/run_modelling.py,nielssimmet,FINISHED,deprecated,randomized,False,auto,None,,None,,,,ward,,None,None,,,2,2,,5,,10,,auto,None,0.0,,8.422029656309483,9.598669002236088,0.007000374366040621,TruncatedSVD,sklearn.decomposition._truncated_svd.TruncatedSVD,Agglomerative,df_recipes.pkl,description
2023-07-01 02:25:34,6.1s,3bb1249ba60f4fc28595a80d67939c1d,KMeans_{'n_clusters': 5}_description,LOCAL,/Users/nielssimmet/GitHub/BigDataBI-Workshop/src/modelling/run_modelling.py,nielssimmet,FINISHED,,lloyd,,,,True,,,k-means++,,,300,,,,,5,,10,,,,,,42,0.0001,0,8.429324837750201,7.882532540642423,0.011643114046568757,KMeans,sklearn.cluster._kmeans.KMeans,KMeans,df_recipes.pkl,description
2023-07-01 02:25:28,6.0s,df9bf1ebdbd64fd68db234b25410792d,KMeans_{'n_clusters': 4}_description,LOCAL,/Users/nielssimmet/GitHub/BigDataBI-Workshop/src/modelling/run_modelling.py,nielssimmet,FINISHED,,lloyd,,,,True,,,k-means++,,,300,,,,,4,,10,,,,,,42,0.0001,0,9.629337118027134,6.05577700072232,0.011169201133073606,KMeans,sklearn.cluster._kmeans.KMeans,KMeans,df_recipes.pkl,description
2023-07-01 02:25:23,5.5s,ced959efe02f4e679464bc7d335037ab,KMeans_{'n_clusters': 3}_description,LOCAL,/Users/nielssimmet/GitHub/BigDataBI-Workshop/src/modelling/run_modelling.py,nielssimmet,FINISHED,,lloyd,,,,True,,,k-means++,,,300,,,,,3,,10,,,,,,42,0.0001,0,10.711072244147799,6.630844765832098,0.01193552837283067,KMeans,sklearn.cluster._kmeans.KMeans,KMeans,df_recipes.pkl,description
2023-07-01 02:25:18,4.9s,898504268bd742c6a49c340865248dec,KMeans_{'n_clusters': 2}_description,LOCAL,/Users/nielssimmet/GitHub/BigDataBI-Workshop/src/modelling/run_modelling.py,nielssimmet,FINISHED,,lloyd,,,,True,,,k-means++,,,300,,,,,2,,10,,,,,,42,0.0001,0,13.754416353868402,7.101657275497667,0.011469038705576029,KMeans,sklearn.cluster._kmeans.KMeans,KMeans,df_recipes.pkl,description
2023-07-01 02:25:13,5.2s,2caa2efd006a48c2acae440256713224,"DBSCAN_{'eps': 1.0, 'min_samples': 20}_steps",LOCAL,/Users/nielssimmet/GitHub/BigDataBI-Workshop/src/modelling/run_modelling.py,nielssimmet,FINISHED,,auto,,,,,,1.0,,30,,,,euclidean,None,20,,,,,None,,None,,,,,1.1983347129551314,26.53905891437194,-0.00009831183902890564,DBSCAN,sklearn.cluster._dbscan.DBSCAN,DBSCAN,df_recipes.pkl,steps
2023-07-01 02:25:07,5.5s,ee0ee46e283342429e43849527a875ee,"DBSCAN_{'eps': 1.0, 'min_samples': 10}_steps",LOCAL,/Users/nielssimmet/GitHub/BigDataBI-Workshop/src/modelling/run_modelling.py,nielssimmet,FINISHED,,auto,,,,,,1.0,,30,,,,euclidean,None,10,,,,,None,,None,,,,,1.9120999009699557,17.59270983983765,-0.015394844069512472,DBSCAN,sklearn.cluster._dbscan.DBSCAN,DBSCAN,df_recipes.pkl,steps
2023-07-01 02:25:02,5.3s,a71f3e00414345ba82ede8767ee1f5e6,"DBSCAN_{'eps': 1.0, 'min_samples': 5}_steps",LOCAL,/Users/nielssimmet/GitHub/BigDataBI-Workshop/src/modelling/run_modelling.py,nielssimmet,FINISHED,,auto,,,,,,1.0,,30,,,,euclidean,None,5,,,,,None,,None,,,,,1.3455285311668046,24.109172633360128,0.00006978712890967,DBSCAN,sklearn.cluster._dbscan.DBSCAN,DBSCAN,df_recipes.pkl,steps
2023-07-01 02:24:57,4.7s,9c68b48a28234561a2b9e8e59030a029,"DBSCAN_{'eps': 0.5, 'min_samples': 20}_steps",LOCAL,/Users/nielssimmet/GitHub/BigDataBI-Workshop/src/modelling/run_modelling.py,nielssimmet,FINISHED,,auto,,,,,,0.5,,30,,,,euclidean,None,20,,,,,None,,None,,,,,9.305263009120333,5.962613658330744,0.00291538698626793,DBSCAN,sklearn.cluster._dbscan.DBSCAN,DBSCAN,df_recipes.pkl,steps
2023-07-01 02:24:52,4.9s,5cd30aca305746b3b4cbf5e263b96ca9,"DBSCAN_{'eps': 0.5, 'min_samples': 10}_steps",LOCAL,/Users/nielssimmet/GitHub/BigDataBI-Workshop/src/modelling/run_modelling.py,nielssimmet,FINISHED,,auto,,,,,,0.5,,30,,,,euclidean,None,10,,,,,None,,None,,,,,9.305263009120333,5.962613658330744,0.00291538698626793,DBSCAN,sklearn.cluster._dbscan.DBSCAN,DBSCAN,df_recipes.pkl,steps
2023-07-01 02:24:48,4.7s,a5f7455491404e428b371e7c349b3f6d,"DBSCAN_{'eps': 0.5, 'min_samples': 5}_steps",LOCAL,/Users/nielssimmet/GitHub/BigDataBI-Workshop/src/modelling/run_modelling.py,nielssimmet,FINISHED,,auto,,,,,,0.5,,30,,,,euclidean,None,5,,,,,None,,None,,,,,9.305263009120333,5.962613658330744,0.00291538698626793,DBSCAN,sklearn.cluster._dbscan.DBSCAN,DBSCAN,df_recipes.pkl,steps
2023-07-01 02:24:40,7.3s,c347d7de113c4034864311a7f6dc53ae,Agglomerative_{'n_clusters': 5}_steps,LOCAL,/Users/nielssimmet/GitHub/BigDataBI-Workshop/src/modelling/run_modelling.py,nielssimmet,FINISHED,deprecated,randomized,False,auto,None,,None,,,,ward,,None,None,,,5,2,,5,,10,,auto,None,0.0,,9.305263009120333,5.962613658330744,0.00291538698626793,TruncatedSVD,sklearn.decomposition._truncated_svd.TruncatedSVD,Agglomerative,df_recipes.pkl,steps
2023-07-01 02:24:33,7.4s,ffdc46f9fd5840f6a25e5c2eb22fc986,Agglomerative_{'n_clusters': 4}_steps,LOCAL,/Users/nielssimmet/GitHub/BigDataBI-Workshop/src/modelling/run_modelling.py,nielssimmet,FINISHED,deprecated,randomized,False,auto,None,,None,,,,ward,,None,None,,,4,2,,5,,10,,auto,None,0.0,,9.94209773181946,6.486545032997478,0.0017770304685646617,TruncatedSVD,sklearn.decomposition._truncated_svd.TruncatedSVD,Agglomerative,df_recipes.pkl,steps
2023-07-01 02:24:26,6.8s,3188de0f851a49fda25ebf23dba08850,Agglomerative_{'n_clusters': 3}_steps,LOCAL,/Users/nielssimmet/GitHub/BigDataBI-Workshop/src/modelling/run_modelling.py,nielssimmet,FINISHED,deprecated,randomized,False,auto,None,,None,,,,ward,,None,None,,,3,2,,5,,10,,auto,None,0.0,,10.824288676394165,6.810168689461988,0.0014151024262771985,TruncatedSVD,sklearn.decomposition._truncated_svd.TruncatedSVD,Agglomerative,df_recipes.pkl,steps
2023-07-01 02:24:20,6.4s,e478969f4bb4433c9f329483c74e58ef,Agglomerative_{'n_clusters': 2}_steps,LOCAL,/Users/nielssimmet/GitHub/BigDataBI-Workshop/src/modelling/run_modelling.py,nielssimmet,FINISHED,deprecated,randomized,False,auto,None,,None,,,,ward,,None,None,,,2,2,,5,,10,,auto,None,0.0,,11.889133182164816,8.428235821911072,0.010177732941020555,TruncatedSVD,sklearn.decomposition._truncated_svd.TruncatedSVD,Agglomerative,df_recipes.pkl,steps
2023-07-01 02:24:14,6.0s,db6af1ff97424c5196bce53664851ec6,KMeans_{'n_clusters': 5}_steps,LOCAL,/Users/nielssimmet/GitHub/BigDataBI-Workshop/src/modelling/run_modelling.py,nielssimmet,FINISHED,,lloyd,,,,True,,,k-means++,,,300,,,,,5,,10,,,,,,42,0.0001,0,12.817427831240675,5.789551298853787,0.01975107147802801,KMeans,sklearn.cluster._kmeans.KMeans,KMeans,df_recipes.pkl,steps
2023-07-01 02:24:08,5.7s,8779f792c57241f6bdb31bfbb6b3b2f9,KMeans_{'n_clusters': 4}_steps,LOCAL,/Users/nielssimmet/GitHub/BigDataBI-Workshop/src/modelling/run_modelling.py,nielssimmet,FINISHED,,lloyd,,,,True,,,k-means++,,,300,,,,,4,,10,,,,,,42,0.0001,0,14.12727139636475,6.167501949769699,0.016643449851336603,KMeans,sklearn.cluster._kmeans.KMeans,KMeans,df_recipes.pkl,steps
2023-07-01 02:24:02,5.4s,2425ef2fd6dd4c9aaaa536aca67f45b9,KMeans_{'n_clusters': 3}_steps,LOCAL,/Users/nielssimmet/GitHub/BigDataBI-Workshop/src/modelling/run_modelling.py,nielssimmet,FINISHED,,lloyd,,,,True,,,k-means++,,,300,,,,,3,,10,,,,,,42,0.0001,0,15.495800990964065,6.073224979437472,0.01327450710497755,KMeans,sklearn.cluster._kmeans.KMeans,KMeans,df_recipes.pkl,steps
2023-07-01 02:23:58,4.8s,c2d447bcd9a94f38b365a9e42d692cec,KMeans_{'n_clusters': 2}_steps,LOCAL,/Users/nielssimmet/GitHub/BigDataBI-Workshop/src/modelling/run_modelling.py,nielssimmet,FINISHED,,lloyd,,,,True,,,k-means++,,,300,,,,,2,,10,,,,,,42,0.0001,0,17.095781175965723,6.670172587437231,0.013260370083045299,KMeans,sklearn.cluster._kmeans.KMeans,KMeans,df_recipes.pkl,steps
2023-07-01 02:23:53,4.7s,67739000872a4680ad71994f3b41212f,"DBSCAN_{'eps': 1.0, 'min_samples': 20}_ingredients",LOCAL,/Users/nielssimmet/GitHub/BigDataBI-Workshop/src/modelling/run_modelling.py,nielssimmet,FINISHED,,auto,,,,,,1.0,,30,,,,euclidean,None,20,,,,,None,,None,,,,,1.594561003900426,20.934133600615194,0.002091733966602103,DBSCAN,sklearn.cluster._dbscan.DBSCAN,DBSCAN,df_recipes.pkl,ingredients
2023-07-01 02:23:48,4.8s,55131ffbc0694590a3900b3ea01bcfb4,"DBSCAN_{'eps': 1.0, 'min_samples': 10}_ingredients",LOCAL,/Users/nielssimmet/GitHub/BigDataBI-Workshop/src/modelling/run_modelling.py,nielssimmet,FINISHED,,auto,,,,,,1.0,,30,,,,euclidean,None,10,,,,,None,,None,,,,,1.951982975762923,18.225840348011797,0.004330009213625726,DBSCAN,sklearn.cluster._dbscan.DBSCAN,DBSCAN,df_recipes.pkl,ingredients
2023-07-01 02:23:44,4.7s,bb94594de1214caab2ecd3632ec1d30d,"DBSCAN_{'eps': 1.0, 'min_samples': 5}_ingredients",LOCAL,/Users/nielssimmet/GitHub/BigDataBI-Workshop/src/modelling/run_modelling.py,nielssimmet,FINISHED,,auto,,,,,,1.0,,30,,,,euclidean,None,5,,,,,None,,None,,,,,1.7959419791296223,18.20416812495547,0.005281965085997176,DBSCAN,sklearn.cluster._dbscan.DBSCAN,DBSCAN,df_recipes.pkl,ingredients
2023-07-01 02:23:39,4.2s,36fcc4a269ba45378423f51b97d96dc1,"DBSCAN_{'eps': 0.5, 'min_samples': 20}_ingredients",LOCAL,/Users/nielssimmet/GitHub/BigDataBI-Workshop/src/modelling/run_modelling.py,nielssimmet,FINISHED,,auto,,,,,,0.5,,30,,,,euclidean,None,20,,,,,None,,None,,,,,17.116486365727994,0.9022708684878192,0.06718075812221175,DBSCAN,sklearn.cluster._dbscan.DBSCAN,DBSCAN,df_recipes.pkl,ingredients
2023-07-01 02:23:35,4.5s,3987f4dbd01944b2b675a553d41dd43e,"DBSCAN_{'eps': 0.5, 'min_samples': 10}_ingredients",LOCAL,/Users/nielssimmet/GitHub/BigDataBI-Workshop/src/modelling/run_modelling.py,nielssimmet,FINISHED,,auto,,,,,,0.5,,30,,,,euclidean,None,10,,,,,None,,None,,,,,17.116486365727994,0.9022708684878192,0.06718075812221175,DBSCAN,sklearn.cluster._dbscan.DBSCAN,DBSCAN,df_recipes.pkl,ingredients
2023-07-01 02:23:30,4.5s,e72a9cf620aa44d6aa3f75a36c3245e4,"DBSCAN_{'eps': 0.5, 'min_samples': 5}_ingredients",LOCAL,/Users/nielssimmet/GitHub/BigDataBI-Workshop/src/modelling/run_modelling.py,nielssimmet,FINISHED,,auto,,,,,,0.5,,30,,,,euclidean,None,5,,,,,None,,None,,,,,17.116486365727994,0.9022708684878192,0.06718075812221175,DBSCAN,sklearn.cluster._dbscan.DBSCAN,DBSCAN,df_recipes.pkl,ingredients
2023-07-01 02:23:24,6.3s,21b348b56eb246b6ae131e45e5a7e7d6,Agglomerative_{'n_clusters': 5}_ingredients,LOCAL,/Users/nielssimmet/GitHub/BigDataBI-Workshop/src/modelling/run_modelling.py,nielssimmet,FINISHED,deprecated,randomized,False,auto,None,,None,,,,ward,,None,None,,,5,2,,5,,10,,auto,None,0.0,,16.709916375589646,4.743867436260008,0.03717647424404581,TruncatedSVD,sklearn.decomposition._truncated_svd.TruncatedSVD,Agglomerative,df_recipes.pkl,ingredients
2023-07-01 02:23:18,6.4s,44185fbbfd1b44d6bbb456b223370e06,Agglomerative_{'n_clusters': 4}_ingredients,LOCAL,/Users/nielssimmet/GitHub/BigDataBI-Workshop/src/modelling/run_modelling.py,nielssimmet,FINISHED,deprecated,randomized,False,auto,None,,None,,,,ward,,None,None,,,4,2,,5,,10,,auto,None,0.0,,18.003555628343875,4.155762889540826,0.045002083979685824,TruncatedSVD,sklearn.decomposition._truncated_svd.TruncatedSVD,Agglomerative,df_recipes.pkl,ingredients
2023-07-01 02:23:12,5.9s,cdc79c005d5c425f8898330cf650a884,Agglomerative_{'n_clusters': 3}_ingredients,LOCAL,/Users/nielssimmet/GitHub/BigDataBI-Workshop/src/modelling/run_modelling.py,nielssimmet,FINISHED,deprecated,randomized,False,auto,None,,None,,,,ward,,None,None,,,3,2,,5,,10,,auto,None,0.0,,18.433783850778873,4.6780183115058875,0.03917289664772354,TruncatedSVD,sklearn.decomposition._truncated_svd.TruncatedSVD,Agglomerative,df_recipes.pkl,ingredients
2023-07-01 02:23:05,6.4s,1d1fbf165cd74fe48c6b301ab26946b7,Agglomerative_{'n_clusters': 2}_ingredients,LOCAL,/Users/nielssimmet/GitHub/BigDataBI-Workshop/src/modelling/run_modelling.py,nielssimmet,FINISHED,deprecated,randomized,False,auto,None,,None,,,,ward,,None,None,,,2,2,,5,,10,,auto,None,0.0,,19.05715791068941,6.505271515286395,0.026384190883720408,TruncatedSVD,sklearn.decomposition._truncated_svd.TruncatedSVD,Agglomerative,df_recipes.pkl,ingredients
2023-07-01 02:23:00,5.6s,d8294941603f4c3a9258154aa0736caa,KMeans_{'n_clusters': 5}_ingredients,LOCAL,/Users/nielssimmet/GitHub/BigDataBI-Workshop/src/modelling/run_modelling.py,nielssimmet,FINISHED,,lloyd,,,,True,,,k-means++,,,300,,,,,5,,10,,,,,,42,0.0001,0,18.988624504528143,4.667895689538923,0.035457671121228204,KMeans,sklearn.cluster._kmeans.KMeans,KMeans,df_recipes.pkl,ingredients
2023-07-01 02:22:54,5.5s,9aca6503a68848b18a263a4220f253fb,KMeans_{'n_clusters': 4}_ingredients,LOCAL,/Users/nielssimmet/GitHub/BigDataBI-Workshop/src/modelling/run_modelling.py,nielssimmet,FINISHED,,lloyd,,,,True,,,k-means++,,,300,,,,,4,,10,,,,,,42,0.0001,0,20.162111815819003,4.74674818588537,0.030821014585837657,KMeans,sklearn.cluster._kmeans.KMeans,KMeans,df_recipes.pkl,ingredients
2023-07-01 02:22:49,5.1s,2736fd674a4e45bab3eac9662217c82e,KMeans_{'n_clusters': 3}_ingredients,LOCAL,/Users/nielssimmet/GitHub/BigDataBI-Workshop/src/modelling/run_modelling.py,nielssimmet,FINISHED,,lloyd,,,,True,,,k-means++,,,300,,,,,3,,10,,,,,,42,0.0001,0,21.453860856855233,5.453326798919188,0.022787172546106998,KMeans,sklearn.cluster._kmeans.KMeans,KMeans,df_recipes.pkl,ingredients
2023-07-01 02:22:44,5.0s,64e2102bd1ee4cbfbf03f2af29b1d1dc,KMeans_{'n_clusters': 2}_ingredients,LOCAL,/Users/nielssimmet/GitHub/BigDataBI-Workshop/src/modelling/run_modelling.py,nielssimmet,FINISHED,,lloyd,,,,True,,,k-means++,,,300,,,,,2,,10,,,,,,42,0.0001,0,23.7320310637503,5.844769433626343,0.01903885308050284,KMeans,sklearn.cluster._kmeans.KMeans,KMeans,df_recipes.pkl,ingredients
2023-07-01 02:22:39,4.5s,663d9efd1cbd4d5d8a440c1fd5940261,"DBSCAN_{'eps': 1.0, 'min_samples': 20}_ingredients+steps+description",LOCAL,/Users/nielssimmet/GitHub/BigDataBI-Workshop/src/modelling/run_modelling.py,nielssimmet,FINISHED,,auto,,,,,,1.0,,30,,,,euclidean,None,20,,,,,None,,None,,,,,6.760458347902103,2.4223009175681685,0.007058721274213195,DBSCAN,sklearn.cluster._dbscan.DBSCAN,DBSCAN,df_recipes_no_stopwords.pkl,ingredients+steps+description
2023-07-01 02:22:34,5.7s,5112505ced8145c9b3687d5d7c402957,"DBSCAN_{'eps': 1.0, 'min_samples': 10}_ingredients+steps+description",LOCAL,/Users/nielssimmet/GitHub/BigDataBI-Workshop/src/modelling/run_modelling.py,nielssimmet,FINISHED,,auto,,,,,,1.0,,30,,,,euclidean,None,10,,,,,None,,None,,,,,6.760458347902103,2.4223009175681685,0.007058721274213195,DBSCAN,sklearn.cluster._dbscan.DBSCAN,DBSCAN,df_recipes_no_stopwords.pkl,ingredients+steps+description
2023-07-01 02:22:25,8.9s,d019d76861f242029d55962c94fafc04,"DBSCAN_{'eps': 1.0, 'min_samples': 5}_ingredients+steps+description",LOCAL,/Users/nielssimmet/GitHub/BigDataBI-Workshop/src/modelling/run_modelling.py,nielssimmet,FINISHED,,auto,,,,,,1.0,,30,,,,euclidean,None,5,,,,,None,,None,,,,,4.3200647686154525,2.4035902585484314,-0.018317888664896007,DBSCAN,sklearn.cluster._dbscan.DBSCAN,DBSCAN,df_recipes_no_stopwords.pkl,ingredients+steps+description
2023-07-01 02:22:20,4.7s,2dd4199f825b4928a3c8fa38509fb6e2,"DBSCAN_{'eps': 0.5, 'min_samples': 20}_ingredients+steps+description",LOCAL,/Users/nielssimmet/GitHub/BigDataBI-Workshop/src/modelling/run_modelling.py,nielssimmet,FINISHED,,auto,,,,,,0.5,,30,,,,euclidean,None,20,,,,,None,,None,,,,,9.480082865089205,5.114940178957117,0.00630274772467208,DBSCAN,sklearn.cluster._dbscan.DBSCAN,DBSCAN,df_recipes_no_stopwords.pkl,ingredients+steps+description
2023-07-01 02:22:15,4.7s,20fa76aff8644ee5a351cd840ec5e461,"DBSCAN_{'eps': 0.5, 'min_samples': 10}_ingredients+steps+description",LOCAL,/Users/nielssimmet/GitHub/BigDataBI-Workshop/src/modelling/run_modelling.py,nielssimmet,FINISHED,,auto,,,,,,0.5,,30,,,,euclidean,None,10,,,,,None,,None,,,,,9.480082865089205,5.114940178957117,0.00630274772467208,DBSCAN,sklearn.cluster._dbscan.DBSCAN,DBSCAN,df_recipes_no_stopwords.pkl,ingredients+steps+description
2023-07-01 02:22:11,4.6s,b94c9a7d4cb94266aa49328836192e63,"DBSCAN_{'eps': 0.5, 'min_samples': 5}_ingredients+steps+description",LOCAL,/Users/nielssimmet/GitHub/BigDataBI-Workshop/src/modelling/run_modelling.py,nielssimmet,FINISHED,,auto,,,,,,0.5,,30,,,,euclidean,None,5,,,,,None,,None,,,,,9.480082865089205,5.114940178957117,0.00630274772467208,DBSCAN,sklearn.cluster._dbscan.DBSCAN,DBSCAN,df_recipes_no_stopwords.pkl,ingredients+steps+description
2023-07-01 02:22:03,8.0s,4841f88f4d8f49adabbe62f689bd473c,Agglomerative_{'n_clusters': 5}_ingredients+steps+description,LOCAL,/Users/nielssimmet/GitHub/BigDataBI-Workshop/src/modelling/run_modelling.py,nielssimmet,FINISHED,deprecated,randomized,False,auto,None,,None,,,,ward,,None,None,,,5,2,,5,,10,,auto,None,0.0,,9.480082865089205,5.114940178957117,0.00630274772467208,TruncatedSVD,sklearn.decomposition._truncated_svd.TruncatedSVD,Agglomerative,df_recipes_no_stopwords.pkl,ingredients+steps+description
2023-07-01 02:21:56,7.1s,038a1288a61345ec82716937bc0bf5ae,Agglomerative_{'n_clusters': 4}_ingredients+steps+description,LOCAL,/Users/nielssimmet/GitHub/BigDataBI-Workshop/src/modelling/run_modelling.py,nielssimmet,FINISHED,deprecated,randomized,False,auto,None,,None,,,,ward,,None,None,,,4,2,,5,,10,,auto,None,0.0,,10.113898313010413,5.670941351831133,0.005185671784237783,TruncatedSVD,sklearn.decomposition._truncated_svd.TruncatedSVD,Agglomerative,df_recipes_no_stopwords.pkl,ingredients+steps+description
2023-07-01 02:21:48,7.8s,40bf826b0b49440aab902106aa02f51e,Agglomerative_{'n_clusters': 3}_ingredients+steps+description,LOCAL,/Users/nielssimmet/GitHub/BigDataBI-Workshop/src/modelling/run_modelling.py,nielssimmet,FINISHED,deprecated,randomized,False,auto,None,,None,,,,ward,,None,None,,,3,2,,5,,10,,auto,None,0.0,,11.022845176520127,6.17854773030561,0.006912200068905656,TruncatedSVD,sklearn.decomposition._truncated_svd.TruncatedSVD,Agglomerative,df_recipes_no_stopwords.pkl,ingredients+steps+description
2023-07-01 02:21:41,6.6s,fd9fffb7589944e48f80ca977a34b679,Agglomerative_{'n_clusters': 2}_ingredients+steps+description,LOCAL,/Users/nielssimmet/GitHub/BigDataBI-Workshop/src/modelling/run_modelling.py,nielssimmet,FINISHED,deprecated,randomized,False,auto,None,,None,,,,ward,,None,None,,,2,2,,5,,10,,auto,None,0.0,,13.422120912128301,7.4945308145399725,0.0187676841733512,TruncatedSVD,sklearn.decomposition._truncated_svd.TruncatedSVD,Agglomerative,df_recipes_no_stopwords.pkl,ingredients+steps+description
2023-07-01 02:21:35,6.1s,e5a4da9981cf437981078756a0eb6c3b,KMeans_{'n_clusters': 5}_ingredients+steps+description,LOCAL,/Users/nielssimmet/GitHub/BigDataBI-Workshop/src/modelling/run_modelling.py,nielssimmet,FINISHED,,lloyd,,,,True,,,k-means++,,,300,,,,,5,,10,,,,,,42,0.0001,0,11.892479780155112,6.111109712364575,0.019185435016869437,KMeans,sklearn.cluster._kmeans.KMeans,KMeans,df_recipes_no_stopwords.pkl,ingredients+steps+description
2023-07-01 02:21:30,5.5s,6dfc34b3aa7c4b26b981781d750adc43,KMeans_{'n_clusters': 4}_ingredients+steps+description,LOCAL,/Users/nielssimmet/GitHub/BigDataBI-Workshop/src/modelling/run_modelling.py,nielssimmet,FINISHED,,lloyd,,,,True,,,k-means++,,,300,,,,,4,,10,,,,,,42,0.0001,0,12.38001034957289,6.652379528749069,0.01620795726278028,KMeans,sklearn.cluster._kmeans.KMeans,KMeans,df_recipes_no_stopwords.pkl,ingredients+steps+description
2023-07-01 02:21:24,5.5s,b608f105cdd3497fb5233d926192c9bc,KMeans_{'n_clusters': 3}_ingredients+steps+description,LOCAL,/Users/nielssimmet/GitHub/BigDataBI-Workshop/src/modelling/run_modelling.py,nielssimmet,FINISHED,,lloyd,,,,True,,,k-means++,,,300,,,,,3,,10,,,,,,42,0.0001,0,13.800201998022658,6.276078865579699,0.015122136391784936,KMeans,sklearn.cluster._kmeans.KMeans,KMeans,df_recipes_no_stopwords.pkl,ingredients+steps+description
2023-07-01 02:21:19,5.1s,b757870c7716444398e7f9268dc2c351,KMeans_{'n_clusters': 2}_ingredients+steps+description,LOCAL,/Users/nielssimmet/GitHub/BigDataBI-Workshop/src/modelling/run_modelling.py,nielssimmet,FINISHED,,lloyd,,,,True,,,k-means++,,,300,,,,,2,,10,,,,,,42,0.0001,0,16.061674944965194,6.73297407874782,0.02281417859774403,KMeans,sklearn.cluster._kmeans.KMeans,KMeans,df_recipes_no_stopwords.pkl,ingredients+steps+description
2023-07-01 02:21:14,5.1s,ed1e6cbafb8749a08ab7cb9570977046,"DBSCAN_{'eps': 1.0, 'min_samples': 20}_steps+description",LOCAL,/Users/nielssimmet/GitHub/BigDataBI-Workshop/src/modelling/run_modelling.py,nielssimmet,FINISHED,,auto,,,,,,1.0,,30,,,,euclidean,None,20,,,,,None,,None,,,,,1.0092113267407967,29.425231522033712,-0.000011751733265630012,DBSCAN,sklearn.cluster._dbscan.DBSCAN,DBSCAN,df_recipes_no_stopwords.pkl,steps+description
2023-07-01 02:21:09,5.1s,c1ef0bb24e484e5fadccf4531b217583,"DBSCAN_{'eps': 1.0, 'min_samples': 10}_steps+description",LOCAL,/Users/nielssimmet/GitHub/BigDataBI-Workshop/src/modelling/run_modelling.py,nielssimmet,FINISHED,,auto,,,,,,1.0,,30,,,,euclidean,None,10,,,,,None,,None,,,,,1.1381410979221642,27.64328902859052,0.00014081181104381887,DBSCAN,sklearn.cluster._dbscan.DBSCAN,DBSCAN,df_recipes_no_stopwords.pkl,steps+description
2023-07-01 02:21:03,6.2s,6678f7801eec4249856e3ca05ddd23e4,"DBSCAN_{'eps': 1.0, 'min_samples': 5}_steps+description",LOCAL,/Users/nielssimmet/GitHub/BigDataBI-Workshop/src/modelling/run_modelling.py,nielssimmet,FINISHED,,auto,,,,,,1.0,,30,,,,euclidean,None,5,,,,,None,,None,,,,,1.3224150992464756,25.218018566866906,0.0003530407008778391,DBSCAN,sklearn.cluster._dbscan.DBSCAN,DBSCAN,df_recipes_no_stopwords.pkl,steps+description
2023-07-01 02:20:58,4.6s,c6f6ff4872324f96837e321892b2cdbe,"DBSCAN_{'eps': 0.5, 'min_samples': 20}_steps+description",LOCAL,/Users/nielssimmet/GitHub/BigDataBI-Workshop/src/modelling/run_modelling.py,nielssimmet,FINISHED,,auto,,,,,,0.5,,30,,,,euclidean,None,20,,,,,None,,None,,,,,8.973880197125021,5.20886420561414,0.006945265502128994,DBSCAN,sklearn.cluster._dbscan.DBSCAN,DBSCAN,df_recipes_no_stopwords.pkl,steps+description
2023-07-01 02:20:54,4.5s,507173aca4094579a15ec08a139fc0aa,"DBSCAN_{'eps': 0.5, 'min_samples': 10}_steps+description",LOCAL,/Users/nielssimmet/GitHub/BigDataBI-Workshop/src/modelling/run_modelling.py,nielssimmet,FINISHED,,auto,,,,,,0.5,,30,,,,euclidean,None,10,,,,,None,,None,,,,,8.973880197125021,5.20886420561414,0.006945265502128994,DBSCAN,sklearn.cluster._dbscan.DBSCAN,DBSCAN,df_recipes_no_stopwords.pkl,steps+description
2023-07-01 02:20:49,4.5s,eeecfdfcd2364b2f94128925a8edf9ab,"DBSCAN_{'eps': 0.5, 'min_samples': 5}_steps+description",LOCAL,/Users/nielssimmet/GitHub/BigDataBI-Workshop/src/modelling/run_modelling.py,nielssimmet,FINISHED,,auto,,,,,,0.5,,30,,,,euclidean,None,5,,,,,None,,None,,,,,8.973880197125021,5.20886420561414,0.006945265502128994,DBSCAN,sklearn.cluster._dbscan.DBSCAN,DBSCAN,df_recipes_no_stopwords.pkl,steps+description
2023-07-01 02:20:42,7.2s,5b5ac99caff94d51a7bab74ddf99eec3,Agglomerative_{'n_clusters': 5}_steps+description,LOCAL,/Users/nielssimmet/GitHub/BigDataBI-Workshop/src/modelling/run_modelling.py,nielssimmet,FINISHED,deprecated,randomized,False,auto,None,,None,,,,ward,,None,None,,,5,2,,5,,10,,auto,None,0.0,,8.973880197125021,5.20886420561414,0.006945265502128994,TruncatedSVD,sklearn.decomposition._truncated_svd.TruncatedSVD,Agglomerative,df_recipes_no_stopwords.pkl,steps+description
2023-07-01 02:20:35,7.3s,fcb88b262ce6456e83f24ee84a6c3497,Agglomerative_{'n_clusters': 4}_steps+description,LOCAL,/Users/nielssimmet/GitHub/BigDataBI-Workshop/src/modelling/run_modelling.py,nielssimmet,FINISHED,deprecated,randomized,False,auto,None,,None,,,,ward,,None,None,,,4,2,,5,,10,,auto,None,0.0,,9.205489727375529,5.696961244492822,0.003976358799759523,TruncatedSVD,sklearn.decomposition._truncated_svd.TruncatedSVD,Agglomerative,df_recipes_no_stopwords.pkl,steps+description
2023-07-01 02:20:28,6.8s,999e269d370a4560a06c335339991d65,Agglomerative_{'n_clusters': 3}_steps+description,LOCAL,/Users/nielssimmet/GitHub/BigDataBI-Workshop/src/modelling/run_modelling.py,nielssimmet,FINISHED,deprecated,randomized,False,auto,None,,None,,,,ward,,None,None,,,3,2,,5,,10,,auto,None,0.0,,9.719697781913684,6.657633148766497,0.007544580705292355,TruncatedSVD,sklearn.decomposition._truncated_svd.TruncatedSVD,Agglomerative,df_recipes_no_stopwords.pkl,steps+description
2023-07-01 02:20:21,6.3s,5b14eaa3ef3a4b6b809143c2cb12d09b,Agglomerative_{'n_clusters': 2}_steps+description,LOCAL,/Users/nielssimmet/GitHub/BigDataBI-Workshop/src/modelling/run_modelling.py,nielssimmet,FINISHED,deprecated,randomized,False,auto,None,,None,,,,ward,,None,None,,,2,2,,5,,10,,auto,None,0.0,,10.373959240186,8.569860346726093,0.007624138314524309,TruncatedSVD,sklearn.decomposition._truncated_svd.TruncatedSVD,Agglomerative,df_recipes_no_stopwords.pkl,steps+description
2023-07-01 02:20:16,5.9s,1a3333f24e3b487f819e5dd256916940,KMeans_{'n_clusters': 5}_steps+description,LOCAL,/Users/nielssimmet/GitHub/BigDataBI-Workshop/src/modelling/run_modelling.py,nielssimmet,FINISHED,,lloyd,,,,True,,,k-means++,,,300,,,,,5,,10,,,,,,42,0.0001,0,10.92620564161007,6.278813325604908,0.016295309437125975,KMeans,sklearn.cluster._kmeans.KMeans,KMeans,df_recipes_no_stopwords.pkl,steps+description
2023-07-01 02:20:10,5.6s,79e7493bd16846899f8b221eed925b77,KMeans_{'n_clusters': 4}_steps+description,LOCAL,/Users/nielssimmet/GitHub/BigDataBI-Workshop/src/modelling/run_modelling.py,nielssimmet,FINISHED,,lloyd,,,,True,,,k-means++,,,300,,,,,4,,10,,,,,,42,0.0001,0,11.528565325885095,6.643841081733872,0.01502316914289758,KMeans,sklearn.cluster._kmeans.KMeans,KMeans,df_recipes_no_stopwords.pkl,steps+description
2023-07-01 02:20:05,5.3s,aac12274ceaf4a88b5037ba7a8a0a630,KMeans_{'n_clusters': 3}_steps+description,LOCAL,/Users/nielssimmet/GitHub/BigDataBI-Workshop/src/modelling/run_modelling.py,nielssimmet,FINISHED,,lloyd,,,,True,,,k-means++,,,300,,,,,3,,10,,,,,,42,0.0001,0,12.410936145948108,6.605311244412632,0.011725594438953105,KMeans,sklearn.cluster._kmeans.KMeans,KMeans,df_recipes_no_stopwords.pkl,steps+description
2023-07-01 02:20:00,5.0s,9aea1336fa02471f94a9765ace5ebb64,KMeans_{'n_clusters': 2}_steps+description,LOCAL,/Users/nielssimmet/GitHub/BigDataBI-Workshop/src/modelling/run_modelling.py,nielssimmet,FINISHED,,lloyd,,,,True,,,k-means++,,,300,,,,,2,,10,,,,,,42,0.0001,0,13.798501673601418,7.783547911690099,0.01202976109369342,KMeans,sklearn.cluster._kmeans.KMeans,KMeans,df_recipes_no_stopwords.pkl,steps+description
2023-07-01 02:19:55,4.9s,09ed5d3a8c6344a1aa4239a116bc6b8a,"DBSCAN_{'eps': 1.0, 'min_samples': 20}_ingredients+description",LOCAL,/Users/nielssimmet/GitHub/BigDataBI-Workshop/src/modelling/run_modelling.py,nielssimmet,FINISHED,,auto,,,,,,1.0,,30,,,,euclidean,None,20,,,,,None,,None,,,,,1.066667262327448,27.099893899918374,0.0003126758546869986,DBSCAN,sklearn.cluster._dbscan.DBSCAN,DBSCAN,df_recipes_no_stopwords.pkl,ingredients+description
2023-07-01 02:19:50,4.8s,8d5560cfbdff4fd1affb26b2d4752701,"DBSCAN_{'eps': 1.0, 'min_samples': 10}_ingredients+description",LOCAL,/Users/nielssimmet/GitHub/BigDataBI-Workshop/src/modelling/run_modelling.py,nielssimmet,FINISHED,,auto,,,,,,1.0,,30,,,,euclidean,None,10,,,,,None,,None,,,,,1.066667262327448,27.099893899918374,0.0003126758546869986,DBSCAN,sklearn.cluster._dbscan.DBSCAN,DBSCAN,df_recipes_no_stopwords.pkl,ingredients+description
2023-07-01 02:19:45,4.7s,fea6d5719deb437581e647a7f0d4798a,"DBSCAN_{'eps': 1.0, 'min_samples': 5}_ingredients+description",LOCAL,/Users/nielssimmet/GitHub/BigDataBI-Workshop/src/modelling/run_modelling.py,nielssimmet,FINISHED,,auto,,,,,,1.0,,30,,,,euclidean,None,5,,,,,None,,None,,,,,1.1562590854713086,25.679507591368623,0.0004896221785384424,DBSCAN,sklearn.cluster._dbscan.DBSCAN,DBSCAN,df_recipes_no_stopwords.pkl,ingredients+description
2023-07-01 02:19:41,4.1s,3680957fdda840eab64641c60652e4f7,"DBSCAN_{'eps': 0.5, 'min_samples': 20}_ingredients+description",LOCAL,/Users/nielssimmet/GitHub/BigDataBI-Workshop/src/modelling/run_modelling.py,nielssimmet,FINISHED,,auto,,,,,,0.5,,30,,,,euclidean,None,20,,,,,None,,None,,,,,7.923486244425909,7.299901177054437,0.009374672874550937,DBSCAN,sklearn.cluster._dbscan.DBSCAN,DBSCAN,df_recipes_no_stopwords.pkl,ingredients+description
2023-07-01 02:19:37,4.2s,65b83102317f4efd8490a296967ae167,"DBSCAN_{'eps': 0.5, 'min_samples': 10}_ingredients+description",LOCAL,/Users/nielssimmet/GitHub/BigDataBI-Workshop/src/modelling/run_modelling.py,nielssimmet,FINISHED,,auto,,,,,,0.5,,30,,,,euclidean,None,10,,,,,None,,None,,,,,7.923486244425909,7.299901177054437,0.009374672874550937,DBSCAN,sklearn.cluster._dbscan.DBSCAN,DBSCAN,df_recipes_no_stopwords.pkl,ingredients+description
2023-07-01 02:19:32,4.4s,d84ac9fb5ddc4f4184bdad98eea5ca4a,"DBSCAN_{'eps': 0.5, 'min_samples': 5}_ingredients+description",LOCAL,/Users/nielssimmet/GitHub/BigDataBI-Workshop/src/modelling/run_modelling.py,nielssimmet,FINISHED,,auto,,,,,,0.5,,30,,,,euclidean,None,5,,,,,None,,None,,,,,7.923486244425909,7.299901177054437,0.009374672874550937,DBSCAN,sklearn.cluster._dbscan.DBSCAN,DBSCAN,df_recipes_no_stopwords.pkl,ingredients+description
2023-07-01 02:19:25,7.0s,ad18650b3efc43faa921ae3c621b7760,Agglomerative_{'n_clusters': 5}_ingredients+description,LOCAL,/Users/nielssimmet/GitHub/BigDataBI-Workshop/src/modelling/run_modelling.py,nielssimmet,FINISHED,deprecated,randomized,False,auto,None,,None,,,,ward,,None,None,,,5,2,,5,,10,,auto,None,0.0,,7.923486244425909,7.299901177054437,0.009374672874550937,TruncatedSVD,sklearn.decomposition._truncated_svd.TruncatedSVD,Agglomerative,df_recipes_no_stopwords.pkl,ingredients+description
2023-07-01 02:19:19,6.4s,12892f2e01034ba0a70607d4d6f2852c,Agglomerative_{'n_clusters': 4}_ingredients+description,LOCAL,/Users/nielssimmet/GitHub/BigDataBI-Workshop/src/modelling/run_modelling.py,nielssimmet,FINISHED,deprecated,randomized,False,auto,None,,None,,,,ward,,None,None,,,4,2,,5,,10,,auto,None,0.0,,8.787338450248503,6.516702885181314,0.010280385760980918,TruncatedSVD,sklearn.decomposition._truncated_svd.TruncatedSVD,Agglomerative,df_recipes_no_stopwords.pkl,ingredients+description
2023-07-01 02:19:13,6.2s,87c202e63da541b68eb1020a09f9b20f,Agglomerative_{'n_clusters': 3}_ingredients+description,LOCAL,/Users/nielssimmet/GitHub/BigDataBI-Workshop/src/modelling/run_modelling.py,nielssimmet,FINISHED,deprecated,randomized,False,auto,None,,None,,,,ward,,None,None,,,3,2,,5,,10,,auto,None,0.0,,10.032999640506588,7.111352652320014,0.010055082172809262,TruncatedSVD,sklearn.decomposition._truncated_svd.TruncatedSVD,Agglomerative,df_recipes_no_stopwords.pkl,ingredients+description
2023-07-01 02:19:07,6.1s,7c28608a6b6748e8b78e46fdf5bf938e,Agglomerative_{'n_clusters': 2}_ingredients+description,LOCAL,/Users/nielssimmet/GitHub/BigDataBI-Workshop/src/modelling/run_modelling.py,nielssimmet,FINISHED,deprecated,randomized,False,auto,None,,None,,,,ward,,None,None,,,2,2,,5,,10,,auto,None,0.0,,12.59567793680122,7.335332905343656,0.01859072262738232,TruncatedSVD,sklearn.decomposition._truncated_svd.TruncatedSVD,Agglomerative,df_recipes_no_stopwords.pkl,ingredients+description
2023-07-01 02:19:01,5.7s,906e1f43f1354480a7695e0e24c76789,KMeans_{'n_clusters': 5}_ingredients+description,LOCAL,/Users/nielssimmet/GitHub/BigDataBI-Workshop/src/modelling/run_modelling.py,nielssimmet,FINISHED,,lloyd,,,,True,,,k-means++,,,300,,,,,5,,10,,,,,,42,0.0001,0,9.893109474027654,6.862914518712648,0.015068191891826557,KMeans,sklearn.cluster._kmeans.KMeans,KMeans,df_recipes_no_stopwords.pkl,ingredients+description
2023-07-01 02:18:56,5.3s,a39f70b200e645c1ab71a7eb658156f5,KMeans_{'n_clusters': 4}_ingredients+description,LOCAL,/Users/nielssimmet/GitHub/BigDataBI-Workshop/src/modelling/run_modelling.py,nielssimmet,FINISHED,,lloyd,,,,True,,,k-means++,,,300,,,,,4,,10,,,,,,42,0.0001,0,10.933513308138028,7.2681316332143515,0.013789353592066926,KMeans,sklearn.cluster._kmeans.KMeans,KMeans,df_recipes_no_stopwords.pkl,ingredients+description
2023-07-01 02:18:51,5.1s,d9db6153f8794e0383d639bcca16660f,KMeans_{'n_clusters': 3}_ingredients+description,LOCAL,/Users/nielssimmet/GitHub/BigDataBI-Workshop/src/modelling/run_modelling.py,nielssimmet,FINISHED,,lloyd,,,,True,,,k-means++,,,300,,,,,3,,10,,,,,,42,0.0001,0,12.249462242553708,6.948832661304594,0.014654214608791473,KMeans,sklearn.cluster._kmeans.KMeans,KMeans,df_recipes_no_stopwords.pkl,ingredients+description
2023-07-01 02:18:46,4.8s,2b37ac5dfea6429db340aa97f273a7f6,KMeans_{'n_clusters': 2}_ingredients+description,LOCAL,/Users/nielssimmet/GitHub/BigDataBI-Workshop/src/modelling/run_modelling.py,nielssimmet,FINISHED,,lloyd,,,,True,,,k-means++,,,300,,,,,2,,10,,,,,,42,0.0001,0,14.556477827168184,7.08515046063717,0.01992152261584455,KMeans,sklearn.cluster._kmeans.KMeans,KMeans,df_recipes_no_stopwords.pkl,ingredients+description
2023-07-01 02:18:40,5.6s,6b8564565ba144b689a9a418555f1727,"DBSCAN_{'eps': 1.0, 'min_samples': 20}_ingredients+steps",LOCAL,/Users/nielssimmet/GitHub/BigDataBI-Workshop/src/modelling/run_modelling.py,nielssimmet,FINISHED,,auto,,,,,,1.0,,30,,,,euclidean,None,20,,,,,None,,None,,,,,1.0676763821596802,27.41848955453792,0.0006210418252694007,DBSCAN,sklearn.cluster._dbscan.DBSCAN,DBSCAN,df_recipes_no_stopwords.pkl,ingredients+steps
2023-07-01 02:18:35,5.1s,64ea7dff00104cfab58a3236ae721408,"DBSCAN_{'eps': 1.0, 'min_samples': 10}_ingredients+steps",LOCAL,/Users/nielssimmet/GitHub/BigDataBI-Workshop/src/modelling/run_modelling.py,nielssimmet,FINISHED,,auto,,,,,,1.0,,30,,,,euclidean,None,10,,,,,None,,None,,,,,1.1492890778606588,26.093596842329372,0.0008386400190624066,DBSCAN,sklearn.cluster._dbscan.DBSCAN,DBSCAN,df_recipes_no_stopwords.pkl,ingredients+steps
2023-07-01 02:18:30,5.1s,8649852a9142418f8dc43b757fee1046,"DBSCAN_{'eps': 1.0, 'min_samples': 5}_ingredients+steps",LOCAL,/Users/nielssimmet/GitHub/BigDataBI-Workshop/src/modelling/run_modelling.py,nielssimmet,FINISHED,,auto,,,,,,1.0,,30,,,,euclidean,None,5,,,,,None,,None,,,,,1.1915025396174133,24.52592579716849,0.0010147400828639608,DBSCAN,sklearn.cluster._dbscan.DBSCAN,DBSCAN,df_recipes_no_stopwords.pkl,ingredients+steps
2023-07-01 02:18:26,4.4s,b3e5d593d2aa4a309cb0b0fee66330bb,"DBSCAN_{'eps': 0.5, 'min_samples': 20}_ingredients+steps",LOCAL,/Users/nielssimmet/GitHub/BigDataBI-Workshop/src/modelling/run_modelling.py,nielssimmet,FINISHED,,auto,,,,,,0.5,,30,,,,euclidean,None,20,,,,,None,,None,,,,,9.492757597054489,5.375434092262483,0.007958257130271483,DBSCAN,sklearn.cluster._dbscan.DBSCAN,DBSCAN,df_recipes_no_stopwords.pkl,ingredients+steps
2023-07-01 02:18:20,5.4s,5d3f272b6a7b4d33a59c770be4a7418e,"DBSCAN_{'eps': 0.5, 'min_samples': 10}_ingredients+steps",LOCAL,/Users/nielssimmet/GitHub/BigDataBI-Workshop/src/modelling/run_modelling.py,nielssimmet,FINISHED,,auto,,,,,,0.5,,30,,,,euclidean,None,10,,,,,None,,None,,,,,9.492757597054489,5.375434092262483,0.007958257130271483,DBSCAN,sklearn.cluster._dbscan.DBSCAN,DBSCAN,df_recipes_no_stopwords.pkl,ingredients+steps
2023-07-01 02:18:16,4.5s,642c1055dda54746b20507d49199ef8e,"DBSCAN_{'eps': 0.5, 'min_samples': 5}_ingredients+steps",LOCAL,/Users/nielssimmet/GitHub/BigDataBI-Workshop/src/modelling/run_modelling.py,nielssimmet,FINISHED,,auto,,,,,,0.5,,30,,,,euclidean,None,5,,,,,None,,None,,,,,9.492757597054489,5.375434092262483,0.007958257130271483,DBSCAN,sklearn.cluster._dbscan.DBSCAN,DBSCAN,df_recipes_no_stopwords.pkl,ingredients+steps
2023-07-01 02:18:09,7.1s,59381f82aaff4a0b803fba3bbea46ee8,Agglomerative_{'n_clusters': 5}_ingredients+steps,LOCAL,/Users/nielssimmet/GitHub/BigDataBI-Workshop/src/modelling/run_modelling.py,nielssimmet,FINISHED,deprecated,randomized,False,auto,None,,None,,,,ward,,None,None,,,5,2,,5,,10,,auto,None,0.0,,9.492757597054489,5.375434092262483,0.007958257130271483,TruncatedSVD,sklearn.decomposition._truncated_svd.TruncatedSVD,Agglomerative,df_recipes_no_stopwords.pkl,ingredients+steps
2023-07-01 02:18:01,7.3s,cd57b5e4977741af9be69cce05afc5bb,Agglomerative_{'n_clusters': 4}_ingredients+steps,LOCAL,/Users/nielssimmet/GitHub/BigDataBI-Workshop/src/modelling/run_modelling.py,nielssimmet,FINISHED,deprecated,randomized,False,auto,None,,None,,,,ward,,None,None,,,4,2,,5,,10,,auto,None,0.0,,9.982582247665233,5.57975126371781,0.009327957762351699,TruncatedSVD,sklearn.decomposition._truncated_svd.TruncatedSVD,Agglomerative,df_recipes_no_stopwords.pkl,ingredients+steps
2023-07-01 02:17:55,6.6s,151f4dd670d2400280e07b591ce40e77,Agglomerative_{'n_clusters': 3}_ingredients+steps,LOCAL,/Users/nielssimmet/GitHub/BigDataBI-Workshop/src/modelling/run_modelling.py,nielssimmet,FINISHED,deprecated,randomized,False,auto,None,,None,,,,ward,,None,None,,,3,2,,5,,10,,auto,None,0.0,,11.02190999293107,6.381328534647885,0.008288014487761397,TruncatedSVD,sklearn.decomposition._truncated_svd.TruncatedSVD,Agglomerative,df_recipes_no_stopwords.pkl,ingredients+steps
2023-07-01 02:17:49,5.9s,0d003f1fcbcb44c6987b11360d783b2a,Agglomerative_{'n_clusters': 2}_ingredients+steps,LOCAL,/Users/nielssimmet/GitHub/BigDataBI-Workshop/src/modelling/run_modelling.py,nielssimmet,FINISHED,deprecated,randomized,False,auto,None,,None,,,,ward,,None,None,,,2,2,,5,,10,,auto,None,0.0,,13.402264868937758,7.806565440186525,0.017179683418301728,TruncatedSVD,sklearn.decomposition._truncated_svd.TruncatedSVD,Agglomerative,df_recipes_no_stopwords.pkl,ingredients+steps
2023-07-01 02:17:43,5.9s,c7da9c3e92c14bdf838147a2bc59e04d,KMeans_{'n_clusters': 5}_ingredients+steps,LOCAL,/Users/nielssimmet/GitHub/BigDataBI-Workshop/src/modelling/run_modelling.py,nielssimmet,FINISHED,,lloyd,,,,True,,,k-means++,,,300,,,,,5,,10,,,,,,42,0.0001,0,12.134419865658353,6.003235378347748,0.01826699724834584,KMeans,sklearn.cluster._kmeans.KMeans,KMeans,df_recipes_no_stopwords.pkl,ingredients+steps
2023-07-01 02:17:37,5.6s,559634f27af24027aff99489f9e602ad,KMeans_{'n_clusters': 4}_ingredients+steps,LOCAL,/Users/nielssimmet/GitHub/BigDataBI-Workshop/src/modelling/run_modelling.py,nielssimmet,FINISHED,,lloyd,,,,True,,,k-means++,,,300,,,,,4,,10,,,,,,42,0.0001,0,12.99125498047542,6.387780433855064,0.016910496151883878,KMeans,sklearn.cluster._kmeans.KMeans,KMeans,df_recipes_no_stopwords.pkl,ingredients+steps
2023-07-01 02:17:32,5.1s,5167f23fa2e148e5b249547d3a86ede8,KMeans_{'n_clusters': 3}_ingredients+steps,LOCAL,/Users/nielssimmet/GitHub/BigDataBI-Workshop/src/modelling/run_modelling.py,nielssimmet,FINISHED,,lloyd,,,,True,,,k-means++,,,300,,,,,3,,10,,,,,,42,0.0001,0,13.924767562134651,7.23514890240881,0.01601675140078431,KMeans,sklearn.cluster._kmeans.KMeans,KMeans,df_recipes_no_stopwords.pkl,ingredients+steps
2023-07-01 02:17:27,4.7s,f668549e7663404cb4ffdab894ba81aa,KMeans_{'n_clusters': 2}_ingredients+steps,LOCAL,/Users/nielssimmet/GitHub/BigDataBI-Workshop/src/modelling/run_modelling.py,nielssimmet,FINISHED,,lloyd,,,,True,,,k-means++,,,300,,,,,2,,10,,,,,,42,0.0001,0,16.64698703530094,7.155882567332976,0.020463731265492998,KMeans,sklearn.cluster._kmeans.KMeans,KMeans,df_recipes_no_stopwords.pkl,ingredients+steps
2023-07-01 02:17:23,4.7s,d12bc4b849f5452286dbace98bb47946,"DBSCAN_{'eps': 1.0, 'min_samples': 20}_description",LOCAL,/Users/nielssimmet/GitHub/BigDataBI-Workshop/src/modelling/run_modelling.py,nielssimmet,FINISHED,,auto,,,,,,1.0,,30,,,,euclidean,None,20,,,,,None,,None,,,,,1.0914692045511212,26.037687706585274,0.0015445811615570158,DBSCAN,sklearn.cluster._dbscan.DBSCAN,DBSCAN,df_recipes_no_stopwords.pkl,description
2023-07-01 02:17:18,4.5s,64dc49e0998f46cebce1e7f756eef7f1,"DBSCAN_{'eps': 1.0, 'min_samples': 10}_description",LOCAL,/Users/nielssimmet/GitHub/BigDataBI-Workshop/src/modelling/run_modelling.py,nielssimmet,FINISHED,,auto,,,,,,1.0,,30,,,,euclidean,None,10,,,,,None,,None,,,,,1.0845790443322032,25.26708292991731,0.0018174214803651414,DBSCAN,sklearn.cluster._dbscan.DBSCAN,DBSCAN,df_recipes_no_stopwords.pkl,description
2023-07-01 02:17:14,4.7s,a76ecacc80734e5e93197ce2dbf33901,"DBSCAN_{'eps': 1.0, 'min_samples': 5}_description",LOCAL,/Users/nielssimmet/GitHub/BigDataBI-Workshop/src/modelling/run_modelling.py,nielssimmet,FINISHED,,auto,,,,,,1.0,,30,,,,euclidean,None,5,,,,,None,,None,,,,,1.1043792438365239,25.00614571919067,0.001846023384246167,DBSCAN,sklearn.cluster._dbscan.DBSCAN,DBSCAN,df_recipes_no_stopwords.pkl,description
2023-07-01 02:17:10,4.0s,a26e9a162b164f1a921f7ac92b554948,"DBSCAN_{'eps': 0.5, 'min_samples': 20}_description",LOCAL,/Users/nielssimmet/GitHub/BigDataBI-Workshop/src/modelling/run_modelling.py,nielssimmet,FINISHED,,auto,,,,,,0.5,,30,,,,euclidean,None,20,,,,,None,,None,,,,,0.19165084335515922,6.45310321631905,-0.27296182330535823,DBSCAN,sklearn.cluster._dbscan.DBSCAN,DBSCAN,df_recipes_no_stopwords.pkl,description
2023-07-01 02:17:06,4.0s,2c27b9e8891f4eaaa114ffc32469588d,"DBSCAN_{'eps': 0.5, 'min_samples': 10}_description",LOCAL,/Users/nielssimmet/GitHub/BigDataBI-Workshop/src/modelling/run_modelling.py,nielssimmet,FINISHED,,auto,,,,,,0.5,,30,,,,euclidean,None,10,,,,,None,,None,,,,,0.19165084335515922,6.45310321631905,-0.27296182330535823,DBSCAN,sklearn.cluster._dbscan.DBSCAN,DBSCAN,df_recipes_no_stopwords.pkl,description
2023-07-01 02:17:00,5.4s,80c51c86968c43b8a9b144fd50c06f47,"DBSCAN_{'eps': 0.5, 'min_samples': 5}_description",LOCAL,/Users/nielssimmet/GitHub/BigDataBI-Workshop/src/modelling/run_modelling.py,nielssimmet,FINISHED,,auto,,,,,,0.5,,30,,,,euclidean,None,5,,,,,None,,None,,,,,0.19165084335515922,6.45310321631905,-0.27296182330535823,DBSCAN,sklearn.cluster._dbscan.DBSCAN,DBSCAN,df_recipes_no_stopwords.pkl,description
2023-07-01 02:16:53,7.4s,b39e808852ce4f6f8d6731a1b86cd664,Agglomerative_{'n_clusters': 5}_description,LOCAL,/Users/nielssimmet/GitHub/BigDataBI-Workshop/src/modelling/run_modelling.py,nielssimmet,FINISHED,deprecated,randomized,False,auto,None,,None,,,,ward,,None,None,,,5,2,,5,,10,,auto,None,0.0,,6.107302156120321,6.379204421177048,0.006757785457602576,TruncatedSVD,sklearn.decomposition._truncated_svd.TruncatedSVD,Agglomerative,df_recipes_no_stopwords.pkl,description
2023-07-01 02:16:46,6.9s,5934931e60c646fbad0d487ae7d7bd3e,Agglomerative_{'n_clusters': 4}_description,LOCAL,/Users/nielssimmet/GitHub/BigDataBI-Workshop/src/modelling/run_modelling.py,nielssimmet,FINISHED,deprecated,randomized,False,auto,None,,None,,,,ward,,None,None,,,4,2,,5,,10,,auto,None,0.0,,6.610428381704944,7.491465460146059,0.0056197410418777,TruncatedSVD,sklearn.decomposition._truncated_svd.TruncatedSVD,Agglomerative,df_recipes_no_stopwords.pkl,description
2023-07-01 02:16:39,6.7s,fce6d4a5c7e84202ad4ba876b9ec508c,Agglomerative_{'n_clusters': 3}_description,LOCAL,/Users/nielssimmet/GitHub/BigDataBI-Workshop/src/modelling/run_modelling.py,nielssimmet,FINISHED,deprecated,randomized,False,auto,None,,None,,,,ward,,None,None,,,3,2,,5,,10,,auto,None,0.0,,7.336871350268549,6.9321970809649995,0.004567913997255279,TruncatedSVD,sklearn.decomposition._truncated_svd.TruncatedSVD,Agglomerative,df_recipes_no_stopwords.pkl,description
2023-07-01 02:16:33,6.6s,607a8f0dc1dc48588b851005f0fe2deb,Agglomerative_{'n_clusters': 2}_description,LOCAL,/Users/nielssimmet/GitHub/BigDataBI-Workshop/src/modelling/run_modelling.py,nielssimmet,FINISHED,deprecated,randomized,False,auto,None,,None,,,,ward,,None,None,,,2,2,,5,,10,,auto,None,0.0,,8.768651075849256,8.269040038188859,0.006874761104271844,TruncatedSVD,sklearn.decomposition._truncated_svd.TruncatedSVD,Agglomerative,df_recipes_no_stopwords.pkl,description
2023-07-01 02:16:26,6.4s,0ebf050dcc20486f935c7009261ab879,KMeans_{'n_clusters': 5}_description,LOCAL,/Users/nielssimmet/GitHub/BigDataBI-Workshop/src/modelling/run_modelling.py,nielssimmet,FINISHED,,lloyd,,,,True,,,k-means++,,,300,,,,,5,,10,,,,,,42,0.0001,0,7.557098979727374,7.7833141865133655,0.010652390934800202,KMeans,sklearn.cluster._kmeans.KMeans,KMeans,df_recipes_no_stopwords.pkl,description
2023-07-01 02:16:19,7.1s,bf8a3aaa16864781974e4cf0f427a5c0,KMeans_{'n_clusters': 4}_description,LOCAL,/Users/nielssimmet/GitHub/BigDataBI-Workshop/src/modelling/run_modelling.py,nielssimmet,FINISHED,,lloyd,,,,True,,,k-means++,,,300,,,,,4,,10,,,,,,42,0.0001,0,8.434276498938472,8.115694551203243,0.009269895750272242,KMeans,sklearn.cluster._kmeans.KMeans,KMeans,df_recipes_no_stopwords.pkl,description
2023-07-01 02:16:12,6.6s,9a17241338674c69acb87621ac012c85,KMeans_{'n_clusters': 3}_description,LOCAL,/Users/nielssimmet/GitHub/BigDataBI-Workshop/src/modelling/run_modelling.py,nielssimmet,FINISHED,,lloyd,,,,True,,,k-means++,,,300,,,,,3,,10,,,,,,42,0.0001,0,9.712759181880857,6.975551977216355,0.012963692770366717,KMeans,sklearn.cluster._kmeans.KMeans,KMeans,df_recipes_no_stopwords.pkl,description
2023-07-01 02:16:05,7.3s,f69a6b1d69e14b28a82493f860763d33,KMeans_{'n_clusters': 2}_description,LOCAL,/Users/nielssimmet/GitHub/BigDataBI-Workshop/src/modelling/run_modelling.py,nielssimmet,FINISHED,,lloyd,,,,True,,,k-means++,,,300,,,,,2,,10,,,,,,42,0.0001,0,13.047464894111142,7.056992066146509,0.011244942389095907,KMeans,sklearn.cluster._kmeans.KMeans,KMeans,df_recipes_no_stopwords.pkl,description
2023-07-01 02:15:58,6.7s,249e4b0ee92e4a1483888672e0c3d16e,"DBSCAN_{'eps': 1.0, 'min_samples': 20}_steps",LOCAL,/Users/nielssimmet/GitHub/BigDataBI-Workshop/src/modelling/run_modelling.py,nielssimmet,FINISHED,,auto,,,,,,1.0,,30,,,,euclidean,None,20,,,,,None,,None,,,,,1.0662679022558588,28.25278961321689,-0.00004873997471520717,DBSCAN,sklearn.cluster._dbscan.DBSCAN,DBSCAN,df_recipes_no_stopwords.pkl,steps
2023-07-01 02:15:51,7.5s,e973e44c15ef4b30aa34398e91b2c17f,"DBSCAN_{'eps': 1.0, 'min_samples': 10}_steps",LOCAL,/Users/nielssimmet/GitHub/BigDataBI-Workshop/src/modelling/run_modelling.py,nielssimmet,FINISHED,,auto,,,,,,1.0,,30,,,,euclidean,None,10,,,,,None,,None,,,,,1.7009838730117466,17.74818220425284,-0.012868459166367618,DBSCAN,sklearn.cluster._dbscan.DBSCAN,DBSCAN,df_recipes_no_stopwords.pkl,steps
2023-07-01 02:15:45,6.2s,047e6cffd222443697bddd2e8536ec4a,"DBSCAN_{'eps': 1.0, 'min_samples': 5}_steps",LOCAL,/Users/nielssimmet/GitHub/BigDataBI-Workshop/src/modelling/run_modelling.py,nielssimmet,FINISHED,,auto,,,,,,1.0,,30,,,,euclidean,None,5,,,,,None,,None,,,,,1.3615774952928674,23.287418176290426,0.0006787779200880663,DBSCAN,sklearn.cluster._dbscan.DBSCAN,DBSCAN,df_recipes_no_stopwords.pkl,steps
2023-07-01 02:15:40,4.9s,4a8792722a124eb99d903b683e9a2a9b,"DBSCAN_{'eps': 0.5, 'min_samples': 20}_steps",LOCAL,/Users/nielssimmet/GitHub/BigDataBI-Workshop/src/modelling/run_modelling.py,nielssimmet,FINISHED,,auto,,,,,,0.5,,30,,,,euclidean,None,20,,,,,None,,None,,,,,9.431673979096635,5.037032733526445,0.009674100202918246,DBSCAN,sklearn.cluster._dbscan.DBSCAN,DBSCAN,df_recipes_no_stopwords.pkl,steps
2023-07-01 02:15:35,4.7s,6cb0e22661d14bedb356d5b51cbcedc4,"DBSCAN_{'eps': 0.5, 'min_samples': 10}_steps",LOCAL,/Users/nielssimmet/GitHub/BigDataBI-Workshop/src/modelling/run_modelling.py,nielssimmet,FINISHED,,auto,,,,,,0.5,,30,,,,euclidean,None,10,,,,,None,,None,,,,,9.431673979096635,5.037032733526445,0.009674100202918246,DBSCAN,sklearn.cluster._dbscan.DBSCAN,DBSCAN,df_recipes_no_stopwords.pkl,steps
2023-07-01 02:15:30,5.1s,d8bf4fd19b374654a10fe0d911bc1162,"DBSCAN_{'eps': 0.5, 'min_samples': 5}_steps",LOCAL,/Users/nielssimmet/GitHub/BigDataBI-Workshop/src/modelling/run_modelling.py,nielssimmet,FINISHED,,auto,,,,,,0.5,,30,,,,euclidean,None,5,,,,,None,,None,,,,,9.431673979096635,5.037032733526445,0.009674100202918246,DBSCAN,sklearn.cluster._dbscan.DBSCAN,DBSCAN,df_recipes_no_stopwords.pkl,steps
2023-07-01 02:15:22,8.2s,55dc68d21eb44d25935020abaf0075fe,Agglomerative_{'n_clusters': 5}_steps,LOCAL,/Users/nielssimmet/GitHub/BigDataBI-Workshop/src/modelling/run_modelling.py,nielssimmet,FINISHED,deprecated,randomized,False,auto,None,,None,,,,ward,,None,None,,,5,2,,5,,10,,auto,None,0.0,,9.431673979096635,5.037032733526445,0.009674100202918246,TruncatedSVD,sklearn.decomposition._truncated_svd.TruncatedSVD,Agglomerative,df_recipes_no_stopwords.pkl,steps
2023-07-01 02:15:14,7.3s,36b0e3aae6b445eebe52b95201966a75,Agglomerative_{'n_clusters': 4}_steps,LOCAL,/Users/nielssimmet/GitHub/BigDataBI-Workshop/src/modelling/run_modelling.py,nielssimmet,FINISHED,deprecated,randomized,False,auto,None,,None,,,,ward,,None,None,,,4,2,,5,,10,,auto,None,0.0,,9.74360110685821,5.5202029030492925,0.006726382987468221,TruncatedSVD,sklearn.decomposition._truncated_svd.TruncatedSVD,Agglomerative,df_recipes_no_stopwords.pkl,steps
2023-07-01 02:15:07,7.6s,de2ec39b6a3f46b7b92dc239200f95da,Agglomerative_{'n_clusters': 3}_steps,LOCAL,/Users/nielssimmet/GitHub/BigDataBI-Workshop/src/modelling/run_modelling.py,nielssimmet,FINISHED,deprecated,randomized,False,auto,None,,None,,,,ward,,None,None,,,3,2,,5,,10,,auto,None,0.0,,10.38280030902873,6.3605212912539,0.009557793340596624,TruncatedSVD,sklearn.decomposition._truncated_svd.TruncatedSVD,Agglomerative,df_recipes_no_stopwords.pkl,steps
2023-07-01 02:15:00,7.0s,a87b4e5de7be49358ae746fb56297498,Agglomerative_{'n_clusters': 2}_steps,LOCAL,/Users/nielssimmet/GitHub/BigDataBI-Workshop/src/modelling/run_modelling.py,nielssimmet,FINISHED,deprecated,randomized,False,auto,None,,None,,,,ward,,None,None,,,2,2,,5,,10,,auto,None,0.0,,11.94507720260466,8.203538024820947,0.010240549401837034,TruncatedSVD,sklearn.decomposition._truncated_svd.TruncatedSVD,Agglomerative,df_recipes_no_stopwords.pkl,steps
2023-07-01 02:14:53,6.4s,9dd2d304cd1a4621935f47e486288632,KMeans_{'n_clusters': 5}_steps,LOCAL,/Users/nielssimmet/GitHub/BigDataBI-Workshop/src/modelling/run_modelling.py,nielssimmet,FINISHED,,lloyd,,,,True,,,k-means++,,,300,,,,,5,,10,,,,,,42,0.0001,0,11.367609571323046,6.13209790471368,0.018127047558468428,KMeans,sklearn.cluster._kmeans.KMeans,KMeans,df_recipes_no_stopwords.pkl,steps
2023-07-01 02:14:47,6.6s,084d77bac3044b10a7eb1939b924e6a3,KMeans_{'n_clusters': 4}_steps,LOCAL,/Users/nielssimmet/GitHub/BigDataBI-Workshop/src/modelling/run_modelling.py,nielssimmet,FINISHED,,lloyd,,,,True,,,k-means++,,,300,,,,,4,,10,,,,,,42,0.0001,0,12.532410215327797,6.329276744063315,0.01631345215869782,KMeans,sklearn.cluster._kmeans.KMeans,KMeans,df_recipes_no_stopwords.pkl,steps
2023-07-01 02:14:41,6.0s,3ac4081be8dc4fb18d53f4e02c894ae5,KMeans_{'n_clusters': 3}_steps,LOCAL,/Users/nielssimmet/GitHub/BigDataBI-Workshop/src/modelling/run_modelling.py,nielssimmet,FINISHED,,lloyd,,,,True,,,k-means++,,,300,,,,,3,,10,,,,,,42,0.0001,0,13.737406367607123,7.034852469945437,0.016195497714365813,KMeans,sklearn.cluster._kmeans.KMeans,KMeans,df_recipes_no_stopwords.pkl,steps
2023-07-01 02:14:35,5.4s,803f92245c704183a80172b5a833a941,KMeans_{'n_clusters': 2}_steps,LOCAL,/Users/nielssimmet/GitHub/BigDataBI-Workshop/src/modelling/run_modelling.py,nielssimmet,FINISHED,,lloyd,,,,True,,,k-means++,,,300,,,,,2,,10,,,,,,42,0.0001,0,17.44361608316218,6.551809946939524,0.01324103060558749,KMeans,sklearn.cluster._kmeans.KMeans,KMeans,df_recipes_no_stopwords.pkl,steps
2023-07-01 02:14:30,5.3s,507d202e390b4dcfbc572b26a993c5e6,"DBSCAN_{'eps': 1.0, 'min_samples': 20}_ingredients",LOCAL,/Users/nielssimmet/GitHub/BigDataBI-Workshop/src/modelling/run_modelling.py,nielssimmet,FINISHED,,auto,,,,,,1.0,,30,,,,euclidean,None,20,,,,,None,,None,,,,,1.2418745326213887,22.311437457695696,0.006047048786419429,DBSCAN,sklearn.cluster._dbscan.DBSCAN,DBSCAN,df_recipes_no_stopwords.pkl,ingredients
2023-07-01 02:14:24,5.5s,ecc74c0d2c6f4badb13d940eaea3d833,"DBSCAN_{'eps': 1.0, 'min_samples': 10}_ingredients",LOCAL,/Users/nielssimmet/GitHub/BigDataBI-Workshop/src/modelling/run_modelling.py,nielssimmet,FINISHED,,auto,,,,,,1.0,,30,,,,euclidean,None,10,,,,,None,,None,,,,,1.3467762494996103,20.356679259882828,0.0062079480997264,DBSCAN,sklearn.cluster._dbscan.DBSCAN,DBSCAN,df_recipes_no_stopwords.pkl,ingredients
2023-07-01 02:14:19,5.6s,d23b709ae1394edaaf61c98a5e4a234d,"DBSCAN_{'eps': 1.0, 'min_samples': 5}_ingredients",LOCAL,/Users/nielssimmet/GitHub/BigDataBI-Workshop/src/modelling/run_modelling.py,nielssimmet,FINISHED,,auto,,,,,,1.0,,30,,,,euclidean,None,5,,,,,None,,None,,,,,1.345158177225957,20.32655106183866,0.006307753439581283,DBSCAN,sklearn.cluster._dbscan.DBSCAN,DBSCAN,df_recipes_no_stopwords.pkl,ingredients
2023-07-01 02:14:14,4.5s,0fdec238451a49fe8d3a41a132bae79e,"DBSCAN_{'eps': 0.5, 'min_samples': 20}_ingredients",LOCAL,/Users/nielssimmet/GitHub/BigDataBI-Workshop/src/modelling/run_modelling.py,nielssimmet,FINISHED,,auto,,,,,,0.5,,30,,,,euclidean,None,20,,,,,None,,None,,,,,1.149994901068979,3.8387044137340687,-0.24444026930101004,DBSCAN,sklearn.cluster._dbscan.DBSCAN,DBSCAN,df_recipes_no_stopwords.pkl,ingredients
2023-07-01 02:14:09,5.4s,80cf20a221d74982a34913842ac55345,"DBSCAN_{'eps': 0.5, 'min_samples': 10}_ingredients",LOCAL,/Users/nielssimmet/GitHub/BigDataBI-Workshop/src/modelling/run_modelling.py,nielssimmet,FINISHED,,auto,,,,,,0.5,,30,,,,euclidean,None,10,,,,,None,,None,,,,,1.149994901068979,3.8387044137340687,-0.24444026930101004,DBSCAN,sklearn.cluster._dbscan.DBSCAN,DBSCAN,df_recipes_no_stopwords.pkl,ingredients
2023-07-01 02:14:03,5.5s,45dad54880d64642ba9729f900d0cf86,"DBSCAN_{'eps': 0.5, 'min_samples': 5}_ingredients",LOCAL,/Users/nielssimmet/GitHub/BigDataBI-Workshop/src/modelling/run_modelling.py,nielssimmet,FINISHED,,auto,,,,,,0.5,,30,,,,euclidean,None,5,,,,,None,,None,,,,,1.149994901068979,3.8387044137340687,-0.24444026930101004,DBSCAN,sklearn.cluster._dbscan.DBSCAN,DBSCAN,df_recipes_no_stopwords.pkl,ingredients
2023-07-01 02:13:55,8.5s,5039cc5edc4c4e3daac887e89486546a,Agglomerative_{'n_clusters': 5}_ingredients,LOCAL,/Users/nielssimmet/GitHub/BigDataBI-Workshop/src/modelling/run_modelling.py,nielssimmet,FINISHED,deprecated,randomized,False,auto,None,,None,,,,ward,,None,None,,,5,2,,5,,10,,auto,None,0.0,,10.795732434101051,5.390426017386238,0.016054125350659705,TruncatedSVD,sklearn.decomposition._truncated_svd.TruncatedSVD,Agglomerative,df_recipes_no_stopwords.pkl,ingredients
2023-07-01 02:13:47,8.2s,9fcb471d38dc4529ac61b3ecb9624f74,Agglomerative_{'n_clusters': 4}_ingredients,LOCAL,/Users/nielssimmet/GitHub/BigDataBI-Workshop/src/modelling/run_modelling.py,nielssimmet,FINISHED,deprecated,randomized,False,auto,None,,None,,,,ward,,None,None,,,4,2,,5,,10,,auto,None,0.0,,11.940260439972716,5.679710526594423,0.01438927015036665,TruncatedSVD,sklearn.decomposition._truncated_svd.TruncatedSVD,Agglomerative,df_recipes_no_stopwords.pkl,ingredients
2023-07-01 02:13:39,7.8s,2a5c142ee6694bbfbed6abfec1060e5c,Agglomerative_{'n_clusters': 3}_ingredients,LOCAL,/Users/nielssimmet/GitHub/BigDataBI-Workshop/src/modelling/run_modelling.py,nielssimmet,FINISHED,deprecated,randomized,False,auto,None,,None,,,,ward,,None,None,,,3,2,,5,,10,,auto,None,0.0,,13.565824656224503,6.1059781273871465,0.017638177935158296,TruncatedSVD,sklearn.decomposition._truncated_svd.TruncatedSVD,Agglomerative,df_recipes_no_stopwords.pkl,ingredients
2023-07-01 02:13:31,7.5s,a34ffe1c9c114edca400a87266a892e3,Agglomerative_{'n_clusters': 2}_ingredients,LOCAL,/Users/nielssimmet/GitHub/BigDataBI-Workshop/src/modelling/run_modelling.py,nielssimmet,FINISHED,deprecated,randomized,False,auto,None,,None,,,,ward,,None,None,,,2,2,,5,,10,,auto,None,0.0,,16.583053563032305,7.06351385750262,0.01916141714312397,TruncatedSVD,sklearn.decomposition._truncated_svd.TruncatedSVD,Agglomerative,df_recipes_no_stopwords.pkl,ingredients
2023-07-01 02:13:23,8.4s,704e77cc3f444befb4bf75018e54e515,KMeans_{'n_clusters': 5}_ingredients,LOCAL,/Users/nielssimmet/GitHub/BigDataBI-Workshop/src/modelling/run_modelling.py,nielssimmet,FINISHED,,lloyd,,,,True,,,k-means++,,,300,,,,,5,,10,,,,,,42,0.0001,0,14.755140585617474,5.665914833963361,0.022355594086613726,KMeans,sklearn.cluster._kmeans.KMeans,KMeans,df_recipes_no_stopwords.pkl,ingredients
2023-07-01 02:13:15,7.7s,203f663ca1694cec987a57aba3c010b8,KMeans_{'n_clusters': 4}_ingredients,LOCAL,/Users/nielssimmet/GitHub/BigDataBI-Workshop/src/modelling/run_modelling.py,nielssimmet,FINISHED,,lloyd,,,,True,,,k-means++,,,300,,,,,4,,10,,,,,,42,0.0001,0,16.5012926592573,5.650494127694223,0.025118842207066318,KMeans,sklearn.cluster._kmeans.KMeans,KMeans,df_recipes_no_stopwords.pkl,ingredients
2023-07-01 02:13:08,6.7s,42ce60a557b84fb2b278bca7001109ee,KMeans_{'n_clusters': 3}_ingredients,LOCAL,/Users/nielssimmet/GitHub/BigDataBI-Workshop/src/modelling/run_modelling.py,nielssimmet,FINISHED,,lloyd,,,,True,,,k-means++,,,300,,,,,3,,10,,,,,,42,0.0001,0,18.810324714036035,5.949351898517587,0.023428916160457093,KMeans,sklearn.cluster._kmeans.KMeans,KMeans,df_recipes_no_stopwords.pkl,ingredients
2023-07-01 02:13:00,7.9s,4e133ba1d8e3411f97d60b4beaa9a470,KMeans_{'n_clusters': 2}_ingredients,LOCAL,/Users/nielssimmet/GitHub/BigDataBI-Workshop/src/modelling/run_modelling.py,nielssimmet,FINISHED,,lloyd,,,,True,,,k-means++,,,300,,,,,2,,10,,,,,,42,0.0001,0,22.18042441096621,6.257674255336944,0.024800236871500736,KMeans,sklearn.cluster._kmeans.KMeans,KMeans,df_recipes_no_stopwords.pkl,ingredients
